source_row_id,contract_number,study_year,supplier,contract_object,contract_value_cop,therapeutic_category,department,manual_review_status,manual_review_reason
478028,25-22-116416,2025,EMPRESA COLOMBIANA DE PRODUCTOS VETERINARIOS  SA _ VECOL SA,"AUNAR ESFUERZOS TeCNICOS ADMINISTRATIVOS FINANCIEROS Y JURiDICOS ENTRE EL MINISTERIO
DE SALUD Y PROTECCIoN SOCIAL EL INSTITUTO NACIONAL DE SALUD Y VECOL S.A. PARA DESARROLLAR RECUPERAR Y CONSOLIDAR LAS
CAPACIDADES TeCNICAS CIENTiFICAS INSTITUCIONALES E INDUSTRIALES EN INVESTIGACIoN DESARROLLO Y PRODUCCIoN NACIONAL DE
INMUNOBIOLoGICOS EN COLOMBIA.",956764192641,FARMACEUTICO_GENERAL,Bogotá D.C.,,
451289,CO1.PCCNTR.5680804,2023,VETERINARIA AGROESPERANZA LTDA,"SUMINISTRO DE ALIMENTOS Y MEDICAMENTOS PARA ANIMALES (CANINOS) CON DESTINO A LAS
UNIDADES CENTRALIZADAS POR LA CENAC REGIONAL NEIVA APALANCAMIENTO 2023 Y VIGENCIA
FUTURA 2024",64974000000,FARMACEUTICO_GENERAL,Huila,,
132687,CO1.PCCNTR.6428641,2025,VECOL S.A.,Otorgar apoyo económico a la ENTIDAD EJECUTORA en la modalidad de recuperación contingente para la financiación del Programa de I+D+i titulado: Programa para la generación de capacidad productiva de Vacunas Humanas en Colombia - COLOMBIAVAC,10000000000,,Distrito Capital de Bogotá,,
471358,CO1.PCCNTR.6378611,2024,VECOL S.A.,ADQUISICIÓN DE VACUNA ANTIRRÁBICA PARA USO DE PERROS Y GATOS,5999991200,VACUNA,Distrito Capital de Bogotá,,
486330,CO1.PCCNTR.7801255,2025,VECOL S.A.,ADQUISICIÓN DE VACUNA ANTIRRÁBICA PARA USO DE PERROS Y GATOS,5727082290,VACUNA,Distrito Capital de Bogotá,,
456830,CO1.PCCNTR.5082417,2023,VECOL S.A.,ADQUISICIÓN DE VACUNA ANTIRRÁBICA PARA USO DE PERROS Y GATOS,5243986800,VACUNA,Distrito Capital de Bogotá,,
454668,CO1.PCCNTR.5316309,2023,VECOL S.A.,"Desarrollo de la vacuna antirrábica humana: actualización
tecnológica en procesos productivos pruebas de control y estabilidad para el cumplimiento de los requisitos regulatorios
internacionales.",4000000000,VACUNA,Distrito Capital de Bogotá,,
340957,CO1.PCCNTR.1780362,2020,VECOL S.A.,ADQUISICIÓN DE LA VACUNA ANTIRRÁBICA PARA PERROS Y GATOS,3965644120,VACUNA,Distrito Capital de Bogotá,,
428501,CO1.PCCNTR.3721606,2022,CORPORACION PARA LA INVESTIGACION Y EL DESARROLLO EDUCATIVO AGROPECUARIO BIOLOGICO Y MINERO OZONO,Realizar las actividades establecidas en el marco del proyecto con COD BPIN 2021011000259; Cuyo nombre es IMPLEMENTACION DE PROCESOS DE REFORESTACION EN ÁREAS DE IMPORTANCIA ESTRATÉGICA PARA LA CONSERVACIÓN DE LOS RECURSOS NATURALES EN EL MUNICIPIO DE PUERTO RICO DEPARTAMENTO DEL CAQUETÁ en cumplimiento al Plan de Acción 2020-2023 Amazonias vivas,3214765634,FARMACEUTICO_GENERAL,Putumayo,,
441992,CO1.PCCNTR.3493554,2022,VECOL S.A.,Adquisición de la vacuna antirrábica para perros y gatos.,3199999580,VACUNA,Distrito Capital de Bogotá,,
394410,CO1.PCCNTR.2558881,2021,VECOL S.A.,ADQUISICIÓN DE LA VACUNA ANTIRRÁBICA PARA PERROS Y GATOS,2991682980,VACUNA,Distrito Capital de Bogotá,,
95268,18-12-8747879,2025,SOCIEDAD FIDUCIARIA DE DESARROLLO AGROPECUARIO S.A,NOTA ACLARATORIA: EL CONVENIO INTERADMINISTRATIVO ENTRE EL ICA Y LA SOCIEDAD FIDUCIARIA DE DESARROLLO AGROPECUARIO S.A- FIDUAGRARIA S.A. FUE PUBLICADO EL 10 DE DICIEMBRE DE 2018 SIN EMBARGO EL DOCUMENTO SE ADJUNTO EN ESTADO CONVOCADO Y SEGUN INSTRUCTIVO SECOP MODULO DE ACTUALIZACIONES SE DEBIO REALIZAR EL CAMBIO DE CONVOCADO A CELEBRADO. POR LO ANTERIOR SE ADJUNTA NUEVAMENTE EL CONVENIO PARA REALIZAR CAMBIO A ESTADO CELEBRADO. OBJETO DE CONVENIO: AUNAR ESFUERZOS PARA CONTROLAR Y ERRADICAR LOS FOCOS DE FIEBRE AFTOSA QUE SE HAN PRESENTADO DURANTE EL 2018 Y LOS QUE SE PUEDEN PRESENTAR ASI COMO ADELANTAR LAS ACTIVIDADES NECESARIAS TENDIENTES A LA RECUPERACION DEL STATUS SANITARIO DE COLOMBIA COMO LIBRE DE FIEBRE AFTOSA SIN VACUNACION.,2127283095,,Bogotá D.C.,,
452442,CO1.PCCNTR.5531079,2023,VECOL S.A.,AUNAR ESFUERZOS PARA EVALUAR ALTERNATIVAS PARA LA PRODUCCIÓN Y DISTRIBUCIÓN DE VACUNAS PARA USO HUMANO EN EL MARCO DE LA POLÍTICA DE SOBERANÍA EN LA PRODUCCIÓN PARA LA SEGURIDAD SANITARIA Y PARA LA INNOVACIÓN TECNOLÓGICA,1912410939,VACUNA,Distrito Capital de Bogotá,,
363595,CO1.PCCNTR.3156822,2021,CORPORACION PARA LA INVESTIGACION Y EL DESARROLLO EDUCATIVO AGROPECUARIO BIOLOGICO Y MINERO OZONO,Realizar las actividades establecidas en el marco del proyecto con COD BPIN 2021011000259; Cuyo nombre es IMPLEMENTACION DE PROCESOS DE REFORESTACION EN ÁREAS DE IMPORTANCIA ESTRATÉGICA PARA LA CONSERVACIÓN DE LOS RECURSOS NATURALES EN EL MUNICIPIO DE PUERTO RICO DEPARTAMENTO DEL CAQUETÁ FASE No. 1 en cumplimiento al Plan de Acción 2020-2023 Amazonias vivas.,1790074610,FARMACEUTICO_GENERAL,Putumayo,,
478190,CO1.PCCNTR.8714271,2025,CONCENTRADOS EL RANCHO LTDA DROGUERIA VETERINARIA,ADQUISICIÓN DE INSUMOS PARA EL DESARROLLO DE ACCIONES DE CONTENCIÓN DE TRANSMISIÓN DE RABIA POR PERRO Y LA ELIMINACIÓN DE LEISHMANIASIS VISCERAL.,1514874592,INSUMO_MEDICO,Distrito Capital de Bogotá,,
478455,CO1.PCCNTR.8689450,2025,EXPRESS PETS LA VACA LTDA,ADQUISICIÓN DE MEDICAMENTOS DE USO VETERINARIO  COMO ANTIBIÓTICOS ANALGÉSICOS Y DESPARASITANTESINSUMOS TALES COMO JERINGAS REACTIVOS PARA LABORATORIO GUANTES Y TAPONES DE HEPARINA Y ALIMENTOS HÚMEDO Y SECO PARA CANINOS FELINOSEQUINOS PORCINOS Y OTROS PARA EL RESPECTIVO FUNCIONAMIENTO Y OPERACIÓN DE LA UNIDAD ADMINISTRATIVA ESPECIAL DE PROTECCIÓN ANIMAL UAEPA DE LA CIUDAD SANTIAGO DE CALI,1414141570,ANTIBIOTICO,Valle del Cauca,,
424393,CO1.PCCNTR.3822710,2022,CONCENTRADOS EL RANCHO LTDA DROGUERIA VETERINARIA,SUMINISTRO DE EQUIPOS BIENES E INSUMOS PARA SALUD PROTECCIÓN BIENESTAR Y NUTRICIÓN ANIMAL. LOTE 1 - (INSUMOS MEDICAMENTOS Y CONCENTRADO),1282496899,FARMACEUTICO_GENERAL,Distrito Capital de Bogotá,,
481199,CO1.PCCNTR.8295221,2025,CONCENTRADOS EL RANCHO LTDA DROGUERIA VETERINARIA,SUMINISTRO DE FERTILIZANTES INSUMOS SEMILLAS Y ELEMENTOS PARA LA SECRETARIA DEL AGROCAMPESINADO DESTINADOS AL MEJORAMIENTO DE LA PRODUCTIVIDAD Y LA COMPETITIVIDAD EN EL DEPARTAMENTO DE CUNDINAMARCA,1244827288,INSUMO_MEDICO,Distrito Capital de Bogotá,,
387302,CO1.PCCNTR.2690747,2021,FUNDACION CUIDADO ANIMAL,AUNAR ESFUERZOS PARA FORTALECER LA EJECUCIÓN DE LAS ACCIONES DE PROMOCIÓN DE LA SALUD Y GESTIÓN DEL RIESGO QUE INTEGRAN EL PLAN DE SALUD PÚBLICA DE INTERVENCIONES COLECTIVAS (PIC) DIMENSIÓN VACUNACION CANINA Y FELINA DEL PLAN TERRITORIAL DE SALUD Y FORTALECIMIENTO DEL PROGRAMA PARA PROTECCIÓN Y BIENESTAR ANIMAL DEL DISTRITO DE SANTA MARTA EN EL MARCO DEL PLAN DE DESARROLLO SANTA MARTA CORAZON DEL CAMBIO 2020 - 2023,1121920930,VACUNA,Magdalena,,
466576,CO1.PCCNTR.6843370,2024,CONCENTRADOS EL RANCHO LTDA DROGUERIA VETERINARIA,SUMINISTRO DE MEDICAMENTOS E INSUMOS VETERINARIOS ELEMENTOS QUIRURGICOS E INSUMOS AGROPECUARIOS PARA EL FUNCIONAMIENTO Y PRESTACION DE SERVICIOS MISIONALES DEL PROCESO AGROPECUARIO DE LA SAMADE,1057739826,FARMACEUTICO_GENERAL,Cundinamarca,,
484733,CO1.PCCNTR.7950528,2025,LABORATORIO MEDICO VETERINARIO LMV SAS,SUMINISTRO DE REACTIVOS EXCLUSIVOS DE LAS MARCAS VMRD IQ GENEREACH e IDVET PARA LOS LABORATORIOS DE DIAGNOSTICO VETERINARIO DE LA SUBGERENCIA DE ANALISIS Y DIAGNOSTICO,980537000,DISPOSITIVO_MEDICO,Distrito Capital de Bogotá,,
95292,18-12-7664205,2025,EMPRESA COLOMBIANA DE PRODUCTOS VETERINARIOS,OMPRA DE VACUNAS CONTRA LA ENCEFALITIS,849720000,,Bogotá D.C.,,
464989,CO1.PCCNTR.7010218,2024,CONCENTRADOS EL RANCHO LTDA DROGUERIA VETERINARIA,SUMINISTRO DE EQUIPOS BIENES E INSUMOS PARA SALUD PROTECCIÓN BIENESTAR Y NUTRICIÓN ANIMAL.,847436932,INSUMO_MEDICO,Distrito Capital de Bogotá,,
468449,CO1.PCCNTR.6686560,2024,EXPRESS PETS LA VACA LTDA,ADQUISICIÓN DE MEDICAMENTOS E INSUMOS PARA USO VETERINARIO PARA EL ÓPTIMO FUNCIONAMIENTO Y OPERACIÓN DEL CENTRO DE BIENESTAR ANIMAL DE LA UNIDAD ADMINISTRATIVA ESPECIAL DE PROTECCIÓN ANIMAL UAEPA DE SANTIAGO DE CALI.,836543930,FARMACEUTICO_GENERAL,Valle del Cauca,,
456262,CO1.PCCNTR.5158302,2023,CONCENTRADOS EL RANCHO LTDA DROGUERIA VETERINARIA,SUMINISTRO DE EQUIPOS BIENES E INSUMOS PARA SALUD PROTECCIÓN BIENESTAR Y NUTRICIÓN ANIMAL.,814367430,INSUMO_MEDICO,Distrito Capital de Bogotá,,
385014,CO1.PCCNTR.2726049,2021,FUNDACIÓN PROTECTORA DE ANIMALES Y MEDIO AMBIENTE SAN FRANCISCO DE ASIS,REALIZAR LA VACUNACION  ANTIRRÁBICA EN CANINOS Y FELINOS PARA EL AÑO 2021  EN EL ÁREA RURAL Y URBANA DE LOS MUNICIPIOS  CATEGORÍA 5 Y 6  DEL DEPARTAMENTO DE CASANARE.,799972400,VACUNA,Casanare,,
471580,CO1.PCCNTR.6354426,2024,LABORATORIO MEDICO VETERINARIO LMV SAS,SUMINISTRO DE REACTIVOS EXCLUSIVOS DE LAS MARCAS VMRD E IQ GENEREACH PARA EL LABORATORIO NACIONAL DE DIAGNÓSTICO VETERINARIO,785380000,DISPOSITIVO_MEDICO,Distrito Capital de Bogotá,,
478633,CO1.PCCNTR.8664937,2025,CONCENTRADOS EL RANCHO LTDA DROGUERIA VETERINARIA,SUMINISTRO DE EQUIPOS BIENES E INSUMOS PARA SALUD PROTECCIÓN BIENESTAR Y NUTRICIÓN ANIMAL,775703999,INSUMO_MEDICO,Distrito Capital de Bogotá,,
422553,CO1.PCCNTR.4018245,2022,FUNDACIÓN PROTECTORA DE ANIMALES Y MEDIO AMBIENTE SAN FRANCISCO DE ASIS,REALIZAR LA VACUNACION ANTIRRABICA EN CANINOS Y FELINOS PARA EL AÑO 2022 EN EL AREA RURAL Y URBANA DE LOS MUNICIPIOS AGUAZUL CHÁMEZA HATO COROZAL LA SALINA MANI MONTERREY NUNCHIA OROCUÉ P,765712000,VACUNA,Casanare,,
334261,CO1.PCCNTR.1926721,2020,FUNDACIÓN PROTECTORA DE ANIMALES Y MEDIO AMBIENTE SAN FRANCISCO DE ASIS,REALIZAR LA VACUNACIÓN ANTIRRÁBICA DE CANINOS Y FELINOS CASA A CASA EN EL ÁREA URBANA Y RURAL DE LOS MUNICIPIOS CATEGORÍA 5 Y 6 DEL DEPARTAMENTO DE CASANARE,675000000,VACUNA,Casanare,,
483351,CO1.PCCNTR.8102639,2025,EXPRESS PETS LA VACA LTDA,"ADQUISICIÓN DE MEDICAMENTOS DE USO VETERINARIO
COMO ANTIBIÓTICOS ANALGÉSICOS Y DESPARASITANTES
INSUMOS TALES COMO JERINGAS REACTIVOS PARA
LABORATORIO GUANTES Y TAPONES DE HEPARINA Y
ALIMENTOS HÚMEDO Y SECO PARA CANINOS FELINOS
EQUINOS PORCINOS Y OTROS PARA EL RESPECTIVO
FUNCIONAMIENTO Y OPERACIÓN DE LA UNIDAD
ADMINISTRATIVA ESPECIAL DE PROTECCIÓN ANIMALUAEPA DE LA CIUDAD SANTIAGO DE CALI.",655660800,ANTIBIOTICO,Valle del Cauca,,
385366,CO1.PCCNTR.2710366,2021,CONCENTRADOS EL RANCHO LTDA DROGUERIA VETERINARIA,SUMINISTRO DE MEDICAMENTOS E INSUMOS VETERINARIOS,654244181,FARMACEUTICO_GENERAL,Distrito Capital de Bogotá,,
480604,CO1.PCCNTR.8404383,2025,CONCENTRADOS EL RANCHO LTDA DROGUERIA VETERINARIA,ADQUISICION DE BIENES ELEMENTOS HERRAMIENTAS Y EQUIPOS DIRIGIDOS AL FORTALECIMIENTO Y MEJORAMIENTO DEL SECTOR AGROPECUARIO EN EL DEPARTAMENTO DE CUNDINAMARCA,633553681,FARMACEUTICO_GENERAL,Distrito Capital de Bogotá,,
465892,CO1.PCCNTR.6880751,2024,CONSORCIO SALUD ANIMAL,FORTALECER LA GESTION DE LA SECRETARIA DE SALUD Y SEGURIDAD SOCIAL EN ACTIVIDADES DE PROMOCION Y PREVENCION DE EVENTOS ZOONOTICOS EN EL MUNICIPIO DE MONTERÍA INCLUYENDO LA DISMINUCION DEL RIESGO DE ENFERMAR Y MORIR POR EL VIRUS DE LA RABIA MEDIANTE JORNADAS DE VACUNACION CANINA Y FELINA,625145188,VACUNA,Córdoba,,
479057,CO1.PCCNTR.8612539,2025,CONCENTRADOS EL RANCHO LTDA DROGUERIA VETERINARIA,ADQUISICIÓN DE MEDICAMENTOS PRODUCTOS VETERINARIOS ELEMENTOS QUIRÚRGICOS Y DEMAS SUMINISTROS PARA EL FUNCIONAMIENTO Y PRESTACIÓN DE SERVICIOS MISIONALES EN LOS PROCESOS AGROPECUARIOS Y PROTECCION ANIMAL A CARGO DE LA SECRETARÍA AGROPECUARIA MEDIO AMBIENTE Y DESARROLLO ECONÓMICO DEL MUNICIPIO DE COTA.,619772885,FARMACEUTICO_GENERAL,Cundinamarca,,
454971,CO1.PCCNTR.5264631,2023,CONCENTRADOS EL RANCHO LTDA DROGUERIA VETERINARIA,SUMINISTRO DE ELEMENTOS Y HERRAMIENTAS DE HERRERIA PARA EL SOSTENIMIENTO DE LOS SEMOVIENTES EQUINOS Y CANINOS DE PROPIEDAD Y/O A CARGO DE LA SECRETARÍA DISTRITAL DE SEGURIDAD CONVIVENCIA Y JUSTICIA,593705506,INSUMO_MEDICO,Distrito Capital de Bogotá,,
338101,CO1.PCCNTR.1844119,2020,CONCENTRADOS EL RANCHO LTDA DROGUERIA VETERINARIA,SUMINISTRO DE ALIMENTOS E INSUMOS PARA LA ATENCIÓN ESENCIAL DE LOS EJEMPLARES DE FAUNA SILVESTRE NATIVA Y EXÓTICA ALOJADOS EN LOS ZOOLÓGICOS BIOPARQUE WAKATÁ SANTA CRUZ PISCILAGO Y BIOPARQUE LA RESERVA UBICADOS EN EL DEPARTAMENTO DE CUNDINAMARCA DE CONFORMIDAD CON EL CONVENIO INTERADMINISTRATIVO No. 0978 DE 2020 SUSCRITO ENTRE LA CORPORACIÓN AUTÓNOMA REGIONAL DE CUNDINAMARCA - CAR Y LA GOBERNACIÓN DE CUNDINAMARCA.,563432680,INSUMO_MEDICO,Distrito Capital de Bogotá,,
419000,CO1.PCCNTR.4348750,2022,CONCENTRADOS EL RANCHO LTDA DROGUERIA VETERINARIA,ADQUISICIÓN DE MAQUINARIA IMPLEMENTOS HERRAMIENTAS Y EQUIPOS PARA UNIDADES PRODUCTIVAS AGROPECUARIAS DEL DEPARTAMENTO DE CUNDINAMARCA EN EL MARCO DEL FORTALECIMIENTO A LA PRODUCTIVIDAD Y COMPETITIVIDAD DEL SECTOR AGROPECUARIO DEL DEPARTAMENTO DE CUNDINAMARCA - LOTE No. 02,557595938,FARMACEUTICO_GENERAL,Distrito Capital de Bogotá,,
421108,CO1.PCCNTR.4155984,2022,VETERINARIA EL REBAÑO,PRESTACIÓN DE SERVICIOS COMO APOYO A LA GESTION PARA EL DESARROLLO DE LAS ACTIVIDADES RELACIONADAS CON LA JORNADA DE VACUNACION ANTIRRABICA CANINA Y FELINA EN EL MUNICIPIO DE SAN JOSE DE CUCUTA - VIGENCIA 2022,539072217,VACUNA,Norte de Santander,,
484680,CO1.PCCNTR.7956946,2025,VECOL S.A.,ADQUISICIÓN DE VACUNA CONTRA EL VIRUS DE LA ENCEFALITIS EQUINA VENEZOLANA,484971200,VACUNA,Distrito Capital de Bogotá,,
471520,CO1.PCCNTR.6353029,2024,VECOL S.A.,ADQUISICIÓN DE VACUNA CONTRA EL VIRUS DE LA ENCEFALITIS EQUINA VENEZOLANA,459984000,VACUNA,Distrito Capital de Bogotá,,
484693,CO1.PCCNTR.7953888,2025,CONCENTRADOS EL RANCHO LTDA DROGUERIA VETERINARIA,"79-7992-SUMINISTRAR LOS AGROINSUMOS REQUERIDOS PARA EL 
DESARROLLO DE LAS DIFERENTES ACTIVIDADES ADELANTAS POR EL JARDÍN 
BOTÁNICO JOSÉ CELESTINO MUTIS",453999535,INSUMO_MEDICO,Distrito Capital de Bogotá,,
72627,15-9-397895,2025,CENTRO AGROPECUARIO CAMPEON,ADQUISICION DE MEDICAMENTOS VETERINARIOS PARA SEMOVIENTES EQUINOS Y CANINOS DEL GRUPO REMONTA Y VETERINARIA DICAR Y ESCUELA DE EQUITACION POLICIAL ¿LUIS AUGUSTO TELLO SANCHEZ¿,452501426,,Bogotá D.C.,,
471162,CO1.PCCNTR.6378057,2024,CONCENTRADOS EL RANCHO LTDA DROGUERIA VETERINARIA,SUMINISTRO DE EQUIPOS BIENES E INSUMOS PARA SALUD PROTECCIÓN BIENESTAR Y NUTRICIÓN ANIMAL.,450000000,INSUMO_MEDICO,Distrito Capital de Bogotá,,
457612,CO1.PCCNTR.4996304,2023,VECOL S.A.,ADQUISICIÓN DE VACUNA CONTRA EL VIRUS DE LA ENCEFALITIS EQUINA VENEZOLANA,449980040,VACUNA,Distrito Capital de Bogotá,,
480526,CO1.PCCNTR.8430734,2025,VETERINARIA MYM SAS,SUMINISTRO DE ALIMENTOS Y MEDICAMENTOS PARA EL SOSTENIMIENTO DE LOS SEMOVIENTES CANINOS DE LAS UNIDADES CENTRALIZADAS POR LA CENAC CÚCUTA PARA LA VIGENCIA FUTURA PRIMER SEMESTRE 2026,432208524,FARMACEUTICO_GENERAL,Norte de Santander,,
379834,CO1.PCCNTR.2796853,2021,CONCENTRADOS EL RANCHO LTDA DROGUERIA VETERINARIA,SUMINISTRO DE MATERIAL DE ATALAJE PARA EQUINOS Y CAMAS PARA CANINOS DE LA POLICIA METROPOLITANA DEL VALLE DE ABURRA  MEVAL,415523825,INSUMO_MEDICO,Antioquia,,
440430,CO1.PCCNTR.3541431,2022,VECOL S.A.,ADQUISICIÓN DE VACUNA CONTRA LA ENCEFALITIS EQUINA VENEZOLANA,399998198,VACUNA,Distrito Capital de Bogotá,,
419625,CO1.PCCNTR.4293957,2022,EXPRESS PETS LA VACA LTDA,Adquirir los medicamentos y otros insumos veterinarios para la atención y funcionamiento del Centro de Promoción y Bienestar Animal del Distrito de Santiago de Cali para la presente vigencia fiscal 2022,399991307,FARMACEUTICO_GENERAL,Valle del Cauca,,
482204,CO1.PCCNTR.8237455,2025,CONCENTRADOS EL RANCHO LTDA DROGUERIA VETERINARIA,SUMINISTRO DE ELEMENTOS Y HERRAMIENTAS DE HERRERIA PARA EL SOSTENIMIENTO DE LOS SEMOVIENTES EQUINOS Y CANINOS DE PROPIEDAD Y/O A CARGO DE LA SECRETARIA DISTRITAL DE SEGURIDAD CONVIVENCIA Y JUSTICIA,380274217,INSUMO_MEDICO,Distrito Capital de Bogotá,,
72630,17-9-428878,2025,CONCENTRADOS EL RANCHO LTDA. DROGUERIA VETERINARIA,ADQUISICION DE MEDICAMENTOS VETERINARIOS Y ELEMENTOS PARA LOS SEMOVIENTES CANINOS DE LA UNIDAD DE GUIAS CANINOS DIRECCION DE ANTINARCOTICOS - POLICIA NACIONAL,372741828,,Bogotá D.C.,,
485343,CO1.PCCNTR.7875780,2025,FUNDACION DEJANDO HUELLA REFUGIO ANIMAL,CONTRATAR JORNADAS DE VACUNACIÓN Y ESTERILIZACIÓN PARA PERROS Y GATOS COMO GESTIÓN DEL RIESGO ANTE SITUACIONES DE SALUD RELACIONADAS CON CONDICIONES AMBIENTALES,369955200,VACUNA,Boyacá,,
469711,CO1.PCCNTR.6536316,2024,UNIDAD MEDICA Y PET STORE ANIMAL BULL,PRESTAR LOS SERVICIOS A MONTO AGOTABLE PARA REALIZAR LAS ACTIVIDADES NECESARIAS EN URGENCIAS ESTERILIZACIONES Y SUMINISTRO DE INSUMOS MEDICAMENTOS E IMPLEMENTOS PARA LAS BRIGADAS MEDICO VETERINARIAS EN LA LOCALIDAD DE BARRIOS UNIDOS EN EL MARCO DEL PROYECTO 2008 DE NIRVANA,364000000,FARMACEUTICO_GENERAL,Distrito Capital de Bogotá,,
459423,CO1.PCCNTR.4798401,2023,FUNDACION DEJANDO HUELLA REFUGIO ANIMAL,REALIZAR CONVENIO PARA LA GESTIÓN INTEGRAL DE LA ZOONOSIS RABIA (VACUNACIÓN ESTERILIZACIÓN Y CENSO DE PERROS Y GATOS) EN EL MUNICIPIO DE DUITAMA TENIENDO EN CUENTA LA INSPECCIÓN VIGILANCIA CONTROL DE LOS FACTORES DE RIESGO RELACIONADOS CON CONDICIONES AMBIENTALES.,350020000,VACUNA,Boyacá,,
487007,CO1.PCCNTR.7727668,2025,Agroveterinaria los valencia SAS,SUMINISTRO DEL ALIMENTO CONCENTRADO Y MEDICAMENTO VETERINARIO PARA LOS ANIMALES DEL CENTRO DE PROTECCIÓN Y BIENESTAR ANIMAL AL IGUAL QUE LOS IMPLEMENTOS DE ASEO DE MANTENIMIENTO Y ASEPSIA DE LAS INSTALACIONES,350000000,FARMACEUTICO_GENERAL,Antioquia,,
471425,CO1.PCCNTR.6360087,2024,FUNDACION DEJANDO HUELLA REFUGIO ANIMAL,CONTRATAR JORNADAS DE VACUNACIÓN Y ESTERILIZACIÓN DE PERROS Y GATOS EN EL MUNICIPIO DE DUITAMA TENIENDO EN CUENTA LA INSPECCIÓN VIGILANCIA Y CONTROL DE LOS FACTORES DE RIESGO RELACIONADAS CON CONDICIONES AMBIENTALES,333928000,VACUNA,Boyacá,,
464948,CO1.PCCNTR.7021573,2024,COMISIONISTAS AGROPECUARIOS S.A.,Adquirir los elementos de protección personal (EPP) requeridos para el desarrollo de las funciones de los servidores públicos del Instituto Nacional De Vigilancia De Medicamentos Y Alimentos- INVIMA,331875617,FARMACEUTICO_GENERAL,Distrito Capital de Bogotá,,
484015,CO1.PCCNTR.8025439,2025,VETERINARIA MYM SAS,SUMINISTRO DE ALIMENTOS Y MEDICAMENTOS PARA EL SOSTENIMIENTO DE LOS SEMOVIENTES CANINOS DE LAS UNIDADES CENTRALIZADAS POR LA CENAC CÚCUTA PARA EL SEGUNDO SEMESTRE 2025,330393060,FARMACEUTICO_GENERAL,Norte de Santander,,
401269,CO1.PCCNTR.2447591,2021,CONCENTRADOS EL RANCHO LTDA DROGUERIA VETERINARIA,SUMINISTRO DE ALIMENTOS CONCENTRADOS PARA LAS DIFERENTES UNIDADES PRODUCTIVAS DEL CENTRO DE BIOTECNOLOGIA AGROPECUARIA,330000000,INSUMO_MEDICO,Cundinamarca,,
472255,CO1.PCCNTR.6300723,2024,Agroveterinaria los valencia SAS,SUMINISTRO DEL ALIMENTO CONCENTRADO Y MEDICAMENTO VETERINARIO PARA LOS ANIMALES DEL CENTRO DE PROTECCIÓN Y BIENESTAR ANIMAL AL IGUAL QUE LOS IMPLEMENTOS DE ASEO DE MANTENIMIENTO Y ASEPSIA DE LAS INSTALACIONES,327195626,FARMACEUTICO_GENERAL,Antioquia,,
412587,CO1.PCCNTR.2223627,2021,VECOL S.A.,ADELANTAR LA COMPRA DE VACUNAS CONTRA LA ENCEFALITIS EQUINA VENEZOLANA,321450000,VACUNA,Distrito Capital de Bogotá,,
346792,CO1.PCCNTR.1597328,2020,VECOL S.A.,COMPRA DE VACUNA CONTRA LA ENCEFALITIS EQUINA VENEZOLANA,299986180,VACUNA,Distrito Capital de Bogotá,,
479540,CO1.PCCNTR.8494793,2025,CONSORCIO BIENESTAR ANIMAL,PRESTACION DE SERVICIOS PARA LA REALIZACION DE JORNADAS EXTERNAS DE ATENCION ESTERILIZACION Y VACUNACION DEL CBA EL GUARDIAN EN EL MARCO DEL PROYECTO DENOMINADO IMPLEMENTACIÓN DEL CENTRO DE BIENESTAR ANIMAL EL GUARDIAN COMO ESTRATEGIA DE ATENCION INTEGRAL A ANIMALES EN ESTADO DE VULNERABILIDAD EN MUNICIPIOS PRIORIZADOS DEL DEPARTAMENTO DE BOLIVAR,299713580,VACUNA,Bolívar,,
420900,CO1.PCCNTR.4180427,2022,CONCENTRADOS EL RANCHO LTDA DROGUERIA VETERINARIA,ADQUISICIÓN DE INSUMOS QUE APOYEN A LOS AGRICULTORES EN LAS AFECTACIONES DEL CAMBIO CLIMATICO Y RESTAURACIÓN DE LAS COSECHAS EN EL MUNICIPIO DE COTA - CUNDINAMARCA,289972377,INSUMO_MEDICO,Cundinamarca,,
428500,CO1.PCCNTR.3725494,2022,ALMACEN AGROPECUARIO DE ANTIOQUIA SAS,CONTRATAR LA ADQUISICIÓN DE SEMOVIENTES CANINOS DE ESPECIALIDAD ALIMENTO CONCENTRADO PARA SEMOVIENTES CANINOS DE ESPECIALIDAD MEDICAMENTOS VETERINARIOS Y MATERIAL DE ENTRENAMIENTO PARA CANINOS DE ESPECIALIDAD DE LA ARMADA DE COLOMBIA - INFANTERIA DE MARINA) - SUBGRUPO 2 ADQUISICIÓN DE CANINOS DE ESPECIALIDAD,280000000,FARMACEUTICO_GENERAL,Distrito Capital de Bogotá,,
454992,CO1.PCCNTR.5282310,2023,LABORATORIO MEDICO VETERINARIO LMV SAS,SUMINISTRO DE REACTIVOS EXCLUSIVOS DE LAS MARCAS VMRD E IQ GENEREACH PARA EL LABORATORIO NACIONAL DE DIAGNÓSTICO VETERINARIO,264900000,DISPOSITIVO_MEDICO,Distrito Capital de Bogotá,,
454015,CO1.PCCNTR.5373539,2023,UNIDAD MEDICA Y PET STORE ANIMAL BULL,PRESTAR LOS SERVICIOS A MONTO AGOTABLE PARA REALIZAR LAS ACTIVIDADES NECESARIAS EN URGENCIAS ESTERILIZACIONES Y SUMINISTRO DE INSUMOS MEDICAMENTOS E IMPLEMENTOS PARA LAS BRIGADAS MEDICO VETERINARIAS EN LA LOCALIDAD DE BARRIOS UNIDOS EN EL MARCO DEL PROYECTO 2008 DE NIRVANA,262000000,FARMACEUTICO_GENERAL,Distrito Capital de Bogotá,,
451898,CO1.PCCNTR.5608712,2023,VECOL S.A.,Aunar esfuerzos técnicos administrativos y financieros para la estructuración de los lineamientos de política sanitaria acuícola y pesquera en lo referente a la prueba de desempeño de vacunas contra weissella tructae asociada en brotes de enfermedades en cultivos de trucha arcoíris (oncorhynchus mykiss) en granjas comerciales en el departamento de Risaralda y el departamento de Antioquia,259481830,VACUNA,Distrito Capital de Bogotá,,
368523,CO1.PCCNTR.3056798,2021,CONCENTRADOS EL RANCHO LTDA DROGUERIA VETERINARIA,CONTRATAR EL SUMINISTRO DE INSUMOS Y EQUIPOS REQUERIDOS PARA LOS PROCESOS DE ATENCION INTEGRAL A LA FAUNA EN EL DISTRITO CAPITAL ote. No. 2 INSUMOS Y MEDICAMENTOS,257298233,FARMACEUTICO_GENERAL,Distrito Capital de Bogotá,,
365053,CO1.PCCNTR.3120649,2021,CONCENTRADOS EL RANCHO LTDA DROGUERIA VETERINARIA,CONTRATAR EL SUMINISTRO DE INSUMOS AGROPECUARIOS PARA EL FORTALECIMIENTO DE LOS SISTEMAS AGRÍCOLAS Y PECUARIOS EN EL SECTOR RURAL DEL MUNICIPIO DE VILLETA CUNDINAMARCA DURANTE LA VIGENCIA 2021,250000000,INSUMO_MEDICO,Cundinamarca,,
452149,CO1.PCCNTR.5578602,2023,CONCENTRADOS EL RANCHO LTDA DROGUERIA VETERINARIA,ADQUISICIÓN DE MAQUINARIA IMPLEMENTOS HERRAMIENTAS Y EQUIPOS PARA EL APOYO TÉCNICO A UNIDADES PRODUCTIVAS EN EL MARCO DEL FORTALECIMIENTO A LA PRODUCTIVIDAD Y COMPETITIVIDAD DEL SECTOR AGROPECUARIO DEL DEPARTAMENTO DE CUNDINAMARCA,249565000,FARMACEUTICO_GENERAL,Distrito Capital de Bogotá,,
482655,CO1.PCCNTR.8177070,2025,CONCENTRADOS EL RANCHO LTDA DROGUERIA VETERINARIA,"ADQUISICIÓN DE SILLAS DE MONTURA PARA
LOS EQUINOS DEL GRUPO DE CABALLERÍA MEDIANO N.° 1 GENERAL JOSÉ MIGUEL SILVA
PLAZAS UNIDAD CENTRALIZADA POR LA CENAC REGIONAL TUNJA",244791008,FARMACEUTICO_GENERAL,Boyacá,,
459082,23-9-489538,2023,CONSORCIO INVERCOM ACS VETERINARIO,SUMINISTRO DE ELEMENTOS Y MEDICAMENTOS VETERINARIOS NECESARIOS PARA EJECUTAR SEGUNDA FASE DE ESTERILIZACION CANINA Y FELINA EN EL MUNICIPIO DE CAJAMARCA TOLIMA,244786600,FARMACEUTICO_GENERAL,Tolima,,
420819,CO1.PCCNTR.4181956,2022,FUNDACION DEJANDO HUELLA REFUGIO ANIMAL,"REALIZAR
CONVENIO PARA LA GESTION INTEGRAL DE LA ZOONOSIS RABIA (VACUNACION PERROS
Y GATOS ESTERILIZACION PERROS Y GATOS Y ALBERGUE DE ESPECIES MENORES) EN
EL MUNICIPIO DE DUITAMA TENIENDO EN CUENTA LA INSPECCION Y VIGILANCIA Y
CONTROL DE LOS FACTORES DE RIESGO RELACIONADAS CON CONDICIONES
AMBIENTALES.",242406294,VACUNA,Boyacá,,
331646,CO1.PCCNTR.1978577,2020,CONCENTRADOS EL RANCHO LTDA DROGUERIA VETERINARIA,CONTRATAR EL SUMINISTRO DE INSUMOS Y EQUIPOS REQUERIDOS PARA LOS PROCESOS DE ATENCIÓN INTEGRAL A LA FAUNA EN EL DISTRITO CAPITAL,225000000,INSUMO_MEDICO,Distrito Capital de Bogotá,,
377723,21-15-12091353,2021,CORPORACION PARA LA INVESTIGACION Y EL DESARROLLO EDUCATIVO AGROPECUARIO BIOLOGICO Y MINERO OZONO -,REALIZAR LA INTERVENTORIA TECNICA Y EL SEGUIMIENTO ADMINISTRATIVO FINANCIERO CONTABLE Y JURIDICO AL CONVENIO ESPECIAL DE COOPERACION NO. 009 - 2020; SUSCRITO PARA LA EJECUCION DEL PROYECTO DE CIENCIA TECNOLOGIA E INNOVACION DENOMINADO IMPLEMENTACION DEL PROYECTO COLOMBIA BIO-TURISMO CIENTIFICO DE NATURALEZA EN EL DEPARTAMENTO DEL HUILA,208181952,FARMACEUTICO_GENERAL,Huila,,
483243,CO1.PCCNTR.8115228,2025,CONCENTRADOS EL RANCHO LTDA DROGUERIA VETERINARIA,"SUMINISTRO DE MEDICAMENTOS ALIMENTO Y ELEMENTOS MEDICOS ELECTRONICOS PARA LA REALIZACIÓN DEL PROYECTO 2801: BIENESTAR ANIMAL RESPETO Y PROTECCIÓN A OTRAS FORMAS DE VIDA DE LA LOCALIDAD DE BARRIOS UNIDOS - LOTE 1 MEDICAMENTOS Y ALIMENTOS DE USO 
VETERINARIOS y LOTE 2 ELEMENTOS MÉDICOS Y ELECTRÓNICOS",201055050,FARMACEUTICO_GENERAL,Distrito Capital de Bogotá,,
396483,CO1.PCCNTR.2542661,2021,CONCENTRADOS EL RANCHO LTDA DROGUERIA VETERINARIA,REALIZAR LA ADQUISICIÓN DE ALIMENTOS Y ELEMENTOS PARA LA ATENCIÓN DE CANINOS Y FELINOS EN CONDICIÓN DE ABANDONO Y ANIMALES DE COMPAÑÍA CON EL FIN DE CONTRIBUIR EN LA SOLUCIÓN DE LA VULNERABILIDAD ANIMAL EN EL MARCO DEL PROYECTO ANIMALISTA EN LA LOCALIDAD DE BOSA.,200000000,FARMACEUTICO_GENERAL,Distrito Capital de Bogotá,,
473038,CO1.PCCNTR.6218833,2024,EXPRESS PETS LA VACA LTDA,ADQUISICIÓN DE MEDICAMENTOS E INSUMOS PARA USO VETERINARIO PARA EL RESPECTIVO FUNCIONAMIENTO Y OPERACIÓN DE LA UNIDAD ADMINISTRATIVA ESPECIAL DE PROTECCION ANIMAL UAEPA- DE SANTIAGO DE CALI,192963240,FARMACEUTICO_GENERAL,Valle del Cauca,,
342231,CO1.PCCNTR.1730525,2020,LABORATORIO MEDICO VETERINARIO LMV SAS,SUMINISTRO DE REACTIVOS EXCLUSIVOS DE LA MARCA VMRD PARA DIAGNÓSTICO Y DETECCIÓN DE ENFERMEDADES EN BOVINOS Y EQUINOS Y REACTIVOS MANCHA BLANCA Y CABEZA AMARILLA IQ GENEREACH,175000000,DISPOSITIVO_MEDICO,Distrito Capital de Bogotá,,
423893,CO1.PCCNTR.3853252,2022,CONCENTRADOS EL RANCHO LTDA DROGUERIA VETERINARIA,ADQUISICIÓN DE SEMOVIENTES CANINOS PARA FORTALECER LA VIGILANCIA EN LOS ERON Y SEDES ADMINISTRATIVAS DEL INSTITUTO NACIONAL PENITENCIARIO Y CARCELARIO - INPEC,171100000,FARMACEUTICO_GENERAL,Distrito Capital de Bogotá,,
368487,CO1.PCCNTR.3027517,2021,ALMACEN AGROPECUARIO DE ANTIOQUIA SAS,SUMINISTRO DE MEDICAMENTOS PRODUCTOS AGROVETERINARIO QUIRÚRGICOS BIOLÓGICOS Y DE DIAGNÓSTICO RÁPIDO QUE CONTRIBUYAN AL BIENESTAR DE LOS ANIMALES REFUGIADOS POR EL MUNICIPIO DE MANIZALES EN LA UNIDAD DE PROTECCIÓN ANIMAL,169000000,FARMACEUTICO_GENERAL,Caldas,,
370294,CO1.PCCNTR.3030413,2021,FUNDACION DEJANDO HUELLA REFUGIO ANIMAL,REALIZAR CONTRATO PARA LA GESTION INTEGRAL DE LA ZOONOSIS RABIA (VACUNACION CANINA Y FELINA ESTERILIZACION CANINA FELINA Y ALBERGUE DE ESPECIES MENORES) EN EL MUNICIPIO DE DUITAMA TENIENDO EN CUENTA LA INSPECCION VIGILANCIA Y CONTROL DE LOS FACTORES DE RIESGO RELACIONADAS CONDICIONES AMBIENTALES.,161950000,VACUNA,Boyacá,,
399013,CO1.PCCNTR.2485604,2021,CONCENTRADOS EL RANCHO LTDA DROGUERIA VETERINARIA,CONTRATAR LA COMPRA VENTA DE OCHENTA (80) UNIDADES PRODUCTIVAS DE GALLINAS PONEDORAS PARA FORTALECER FAMILIAS CAMPESINAS Y/O CON ENFOQUE DIFERENCIAL EN EL DEPARTAMENTO DEL TOLIMA EN DESARROLLO DEL PROYECTO FORTALECIMIENTO PRODUCTIVO DE PEQUEÑOS PRODUCTORES RURALES EN EL TOLIMA,160700000,FARMACEUTICO_GENERAL,Tolima,,
457260,CO1.PCCNTR.5011577,2023,CONCENTRADOS EL RANCHO LTDA DROGUERIA VETERINARIA,ADQUISICIÓN DE SILLAS DE MONTAR PARA EL USO CON SEMOVIENTES EQUINOS ARTICULOS MANUFACTURADOS (DOTACIÓN SEGURIDAD PARA MONTAR A CABALLO) Y OTROS ELEMENTOS PARA EL SOSTENIMIENTO DE LOS SEMOVIENTES EQUINOS PERTENECIENTES A LA ESCUELA NACIONAL DE CARABINEROS ALFONSO LÓPEZ PUMAREJO Y LA ESCUELA DE EQUITACIÓN DE LA POLICIAL CORONEL LUIS AUGUSTO TELLO SÁNCHEZ,153841435,FARMACEUTICO_GENERAL,Cundinamarca,,
432260,22-11-13001299,2022,FUNDACION PADRINAZGO PROTECCION Y PROMOCION PARA LA AYUDA TEMPORAL Y AMBULATORIA DE LOS ANIMALES COM,PRESTAR SERVICIO DE ASISTENCIA MEDICO VETERINARIA MEDIANTE JORNADAS DE ESTERILIZACION SUMINISTRO DE ALIMENTOS ELEMENTOS ENSERES MATERIALES PARA USO DIAGNOSTICO Y MEDICAMENTOS TANTO PREVENTIVOS COMO DE TRATAMIENTO QUE GARANTICEN UNA ATENCION INTEGRAL DE LOS ANIMALES DOMESTICOS DE COMPANIA (CANINOS Y FELINOS) DEL MUNICIPIO DE SAN VICENTE DEL CAGUAN - CAQUETA,150000000,FARMACEUTICO_GENERAL,Caquetá,,
73680,13-9-367075,2025,DISTRIBUIDORA AGROPECUARIA NUESTRO CAMPO LTDA.,ES LA ADQUISICION DE ALIMENTOS Y MEDICAMENTOS VETERINARIOS PARA EL SOSTENIMIENTO  DE  SEMOVIENTES  EQUINOS  Y  CANINOS  ADSCRITOS  AL  GRUPO  DE CARABINEROS Y UNIDAD CANINA DE LA POLICIAMETROPOLITANA DE SANTA MARTA,149902928,,Bogotá D.C.,,
397169,CO1.PCCNTR.2521328,2021,LABORATORIO MEDICO VETERINARIO LMV SAS,SUMINISTRO DE REACTIVOS EXCLUSIVOS DE LAS MARCAS VMRD ID VET E IQ GENEREACH PARA EL LABORATORIO NACIONAL DE DIAGNÓSTICO VETERINARIO,149855000,DISPOSITIVO_MEDICO,Distrito Capital de Bogotá,,
442686,CO1.PCCNTR.3477901,2022,LABORATORIO MEDICO VETERINARIO LMV SAS,SUMINISTRO DE REACTIVOS EXCLUSIVOS DE LAS MARCAS VMRD E IQ GENEREACH PARA EL LABORATORIO NACIONAL DE DIAGNÓSTICO VETERINARIO,149110000,DISPOSITIVO_MEDICO,Distrito Capital de Bogotá,,
366682,CO1.PCCNTR.3081104,2021,VETERINARIA AGROESPERANZA LTDA,EL SUMINISTRO DE MATERIAL VETERINARIO MEDICAMENTOS Y ALIMENTOS PARA EL SOSTENIMIENTO DE CANINOS CON DESTINO A LAS UNIDADES CENTRALIZADAS POR LA CENAC CALI PARA LA VIGENCIA FUTURA 2022.,148072552,FARMACEUTICO_GENERAL,Valle del Cauca,,
388565,CO1.PCCNTR.2644756,2021,VETERINARIA AGROESPERANZA LTDA,EL SUMINISTRO DE MATERIAL VETERINARIO MEDICAMENTOS Y ALIMENTOS PARA EL SOSTENIMIENTO DE CANINOS CON DESTINO A LAS UNIDADES CENTRALIZADAS POR LA CENAC CALI.,145375993,FARMACEUTICO_GENERAL,Valle del Cauca,,
483091,CO1.PCCNTR.8137261,2025,CONCENTRADOS EL RANCHO LTDA DROGUERIA VETERINARIA,SUMINISTRO DE ALMIENTO PARA ANIMALES,142223640,INSUMO_MEDICO,Distrito Capital de Bogotá,,
363818,CO1.PCCNTR.3154024,2021,CONCENTRADOS EL RANCHO LTDA DROGUERIA VETERINARIA,ADQUISICIÓN DE INSUMOS QUE APOYEN A LOS AGRICULTORES EN LAS AFECTACIONES DEL CAMBIO CLIMATICO Y RESTAURACIÓN DE LAS COSECHAS EN EL MUNICIPIO DE COTA CUNDINAMARCA,141280000,INSUMO_MEDICO,Cundinamarca,,
346977,CO1.PCCNTR.1610586,2020,ALMACEN TODOCAMPO AGROPECUARIO SAS,SUMINISTRAR MEDICAMENTOS INSUMOS MÉDICOS Y AGROPECUARIOS ANIMALES VIVOS CONCENTRADOS SEMILLAS Y ELEMENTOS PARA ENRIQUECIMIENTO DE LA FAUNA SILVESTRE QUE SE MANEJA EN TORRE IV EN EL CRFSOC Y EL CAVR MONTELINDO EN LAS CANTIDADES CALIDADES Y ESPECIFICACIONES REQUERIDAS POR LA CORPORACIÓN Y ATENDER URGENCIAS Y PRACTICAR PRUEBAS DIAGNÓSTICAS A LOS ANIMALES DECOMISADOS POR EL SISTEMA DE MONTO AGOTABLE,140500000,FARMACEUTICO_GENERAL,Caldas,,
481919,CO1.PCCNTR.8265615,2025,CONCENTRADOS EL RANCHO LTDA DROGUERIA VETERINARIA,"LA CONTRATACIÓN DEL SUMINISTRO DE SOSTENIMIENTO CANINO Y
MATERIAL VETERINARIO PARA LOS SEMOVIENTES FISCALES Y CURSOS DE GUIAS
CANINOS A EJECUTAR EN EL SEGUNDO SEMESTRE DE LA VIGENCIA 2025.",121831907,INSUMO_MEDICO,Distrito Capital de Bogotá,,
340174,CO1.PCCNTR.1806111,2020,CONCENTRADOS EL RANCHO LTDA DROGUERIA VETERINARIA,SUMINISTRO DE ALIMENTOS CONCENTRADOS PARA LAS DIFERENTES UNIDADES PRODUCTIVAS DEL CENTRO DE BIOTECNOLOGÍA AGROPECUARIA,120000000,INSUMO_MEDICO,Cundinamarca,,
452150,CO1.PCCNTR.5578036,2023,EXPRESS PETS LA VACA LTDA,ADQUISICIÓN DE MEDICAMENTOS PARA PEQUEÑOS Y GRANDES ANIMALES ATENDIDOS EN EL CENTRO DE BIENESTAR ANIMAL  CBA,111155107,FARMACEUTICO_GENERAL,Valle del Cauca,,
469637,CO1.PCCNTR.6539302,2024,VETERINARIA AGROESPERANZA LTDA,SUMINISTRO DE ALIMENTOS Y MEDICAMENTOS PARA ANIMALES (CANINOS) CON DESTINO A LAS UNIDADES CENTRALIZADAS POR LA CENAC REGIONAL NEIVA PARA LA VIGENCIA 2024,102154831,FARMACEUTICO_GENERAL,Huila,,
391780,21-4-12190531,2021,CENTRAL PECUARIA SA,COMPRA DE MEDICAMENTOS DE USO VETERINARIO NECESARIOS PARA LLEVAR A CABO LA LABOR ASISTENCIAL DEL HOSPITAL VETERINARIO UNIVERSIDAD DEL TOLIMA.(065),101369096,FARMACEUTICO_GENERAL,Tolima,,
473346,CO1.PCCNTR.6167145,2024,CONCENTRADOS EL RANCHO LTDA DROGUERIA VETERINARIA,ADQUISICIÓN DE HERRAJES Y ATALAJES CON DESTINO A LA ESCUELA DE UNIDADES MONTADAS DEL EJERCITO NACIONAL,100290820,FARMACEUTICO_GENERAL,Distrito Capital de Bogotá,,
370935,21-11-12405232,2021,FUTURO AGROPECUARIO Y AMBIENTAL DE COLOMBIA EN NUESTRAS MANOS FUTURAGROPEC,"SUMINISTRO DE MEDICAMENTOS PARA LA VITAMINIZACION CON DESPARASITACION INTERNA Y 
EXTERNA DE BOVINOS Y VACUNACION ANTIRRABICA PARA CANINOS Y FELINOS A TODO COSTO EN EL 
MUNICIPIO DE VILLAPINZON  CUNDINAMARCA.",99827558,VACUNA,Cundinamarca,,
463217,CO1.PCCNTR.7164230,2024,VETERINARIA AGROESPERANZA LTDA,SUMINISTRO DE MATERIAL VETERINARIO MEDICAMENTOS Y ALIMENTOS PARA EL SOSTENIMIENTO DE CANINOS CON DESTINO A LAS UNIDADES CENTRALIZADAS POR LA CENAC CALI PARA LA VIGENCIA FUTURA 2025,98056145,FARMACEUTICO_GENERAL,Valle del Cauca,,
483249,CO1.PCCNTR.8098642,2025,VETERINARIA AGROESPERANZA LTDA,SUMINISTRO DE ALIMENTOS Y MEDICAMENTOS PARA ANIMALES (CANINOS) CON DESTINO A LAS UNIDADES CENTRALIZADAS POR LA CENAC REGIONAL NEIVA PARA LA VIGENCIA 2025,97971249,FARMACEUTICO_GENERAL,Huila,,
395045,21-4-12102132,2021,RED GAROVETERINARIA S. A,CONTRATO DE SUMINISTRO PARA LA PROVISION DE MEDICAMENTOS INSUMOS MEDICOS Y PRODUCTOS VETERINARIOS PARA LA REALIZACION DE TRATAMIENTO DE LOS ANIMALES A CARGO DEL PARQUE TEMATICO DE FLORA Y FAUNA DE PEREIRA S.A.S BIOPARQUE UKUMARI.,95800000,FARMACEUTICO_GENERAL,Risaralda,,
478173,CO1.PCCNTR.8708964,2025,VETERINARIA AGROESPERANZA LTDA,SUMINISTRO DE ALIMENTOS Y MEDICAMENTOS PARA ANIMALES (CANINOS) CON DESTINO A LAS UNIDADES CENTRALIZADAS POR LA CENAC REGIONAL NEIVA CON APALANCAMIENTO 2025 Y VIGENCIA FUTURA 2026,93026685,FARMACEUTICO_GENERAL,Huila,,
482174,CO1.PCCNTR.8238891,2025,agroveterinaria procampo,CONTRATAR LA ADQUISICIÓN DE MEDICAMENTOS VETERINARIOS ALIMENTOS BALANCEADOS Y EQUIPAMIENTO PARA EL NORMAL DESARROLLO Y FORTALECIMIENTO DEL PROYECTO PRODUCTIVO DE LA GRANJA INTEGRAL BELLAVISTA DE LA CPMSBEL.,90825100,FARMACEUTICO_GENERAL,Antioquia,,
483055,CO1.PCCNTR.8124193,2025,AGROVETERINARIA LA LLANURA SAS,COMPRAVENTA DE ELEMENTOS DE ASEO MEDICAMENTOS VETERINARIOS ALIMENTOS CONCENTRADOS Y SUPLEMENTOS ALIMENTICIOS; PARA LA ATENCIÓN DE ANIMALES DOMÉSTICOS EN EL MUNICIPIO DE FLORENCIA CAQUETÁ,89035000,FARMACEUTICO_GENERAL,Caquetá,,
451744,CO1.PCCNTR.5586522,2023,CONCENTRADOS EL RANCHO LTDA DROGUERIA VETERINARIA,CONTRATAR EL SUMINISTRO DE ALIMENTO COMPLETO DE PERROS ADULTOS PARA LOS SEMOVIENTES CANINOS ASIGNADOS AL GRUPO DE SEGURIDAD (GSECO) DEL COMANDO GENERAL DE LAS FUERZAS MILITARES (COGFM) DE ACUERDO CON LAS ESPECIFICACIONES DE LA FICHA TÉCNICA DEL ANEXO,87295328,INSUMO_MEDICO,Distrito Capital de Bogotá,,
341254,CO1.PCCNTR.1778235,2020,CONCENTRADOS EL RANCHO LTDA DROGUERIA VETERINARIA,SUMINISTRO DE ALIMENTOS PARA CONTRIBUIR EN LA ATENCIÓN ESENCIAL DE LOS EJEMPLARES DE FAUNA SILVESTRE NATIVA Y EXÓTICA ALOJADOS EN LOS ZOOLÓGICOS DE JURISDICCIÓN DEL DEPARTAMENTO DE CUNDINAMARCA EN EL MARCO DEL CONVENIO INTERADMINISTRATIVO No. 0978 DE 2020 SUSCRITO ENTRE LA CORPORACIÓN AUTÓNOMA REGIONAL DE CUNDINAMARCA - CAR Y LA GOBERNACIÓN DE CUNDINAMARCA HASTA AGOTAR EL VALOR DEL PRESUPUESTO OFICIAL.,87000000,INSUMO_MEDICO,Distrito Capital de Bogotá,,
419034,CO1.PCCNTR.4341727,2022,CORPORACION PARA LA INVESTIGACION Y EL DESARROLLO EDUCATIVO AGROPECUARIO BIOLOGICO Y MINERO OZONO,FORMULACIÓN DE LOS DOCUMENTOS TÉCNICOS SOPORTES REQUERIDOS PARA LOS TRÁMITES LEGALES Y AMBIENTALES ANTE LA AUTORIDAD MINERA Y AMBIENTAL NECESARIOS PARA EL APROVECHAMIENTO DE ASFALTO NATURAL EN EL MARCO DE LA AUTORIZACION TEMPORAL No 505530 OTORGADA AL MUNICIPIO DE FLORENCIA CAQUETA,85500000,FARMACEUTICO_GENERAL,Caquetá,,
329165,CO1.PCCNTR.2040510,2020,Fundación para la Defensa de los Animales PAZANIMAL,"Contratar los servicios de acogida temporal de animales de compañía (caninos y felinos
) como tambien equinos resultantes de acciones de control de los entes municipales
que intervienen el riesgo biológico asociado a la zoonosis o los que requiera el centro
zoonosis que incluya movilizacion de los animales hasta el sitio de acogida dentro del
proyecto denominado Control del Riesgo Biológico Asociado a la Zoonosis en el
Municipio de Cali ficha BP-01046536.",85500000,FARMACEUTICO_GENERAL,Valle del Cauca,,
381634,CO1.PCCNTR.2795466,2021,CONCENTRADOS EL RANCHO LTDA DROGUERIA VETERINARIA,COMPRAVENTA DE INSUMOS ELEMENTOS Y MATERIALES NECESARIOS PARA BRINDAR APOYO EN LOS PROYECTOS Y PROGRAMAS DEL SECTOR PECUARIO AGRICOLA Y AMBIENTAL DEL MUNICIPIO DE CABRERA CUNDINAMARCA,83557490,INSUMO_MEDICO,Cundinamarca,,
131062,20-11-11228153,2025,FUTURO AGROPECUARIO Y AMBIENTAL DE COLOMBIA EN NUESTRAS MANOS FUTURAGROPEC,SUMINISTRO DE MEDICAMENTOS PARA LA VITAMINIZACION CON DESPARASITACION INTERNA Y EXTERNA DE BOVINOS Y VACUNACION ANTIRRABICA PARA CANINOS Y FELINOS A TODO COSTO EN EL MUNICIPIO DE VILLAPINZON  CUNDINAMARCA.,83514000,,Cundinamarca,,
372941,CO1.PCCNTR.2960805,2021,CLINICA VETERINARIA JUPITER SAS,contratar el suministro de medicamentos para los semovientes caninos asignados a la Dirección de Seguridad del COGFM de acuerdo con las especificaciones técnicas del ANEXO.,82699315,FARMACEUTICO_GENERAL,Distrito Capital de Bogotá,,
419059,CO1.PCCNTR.4333724,2022,CLINICA VETERINARIA JUPITER SAS,EL SUMINISTRO DE MEDICAMENTOS PARA LOS SEMOVIENTES CANINOS ASIGNADOS A LA DIRECCIÓN DE SEGURIDAD DEL COGFM DE ACUERDO CON LAS ESPECIFICACIONES TÉCNICAS DEL ANEXO.,82289810,FARMACEUTICO_GENERAL,Distrito Capital de Bogotá,,
458537,CO1.PCCNTR.4880803,2023,CONCENTRADOS EL RANCHO LTDA DROGUERIA VETERINARIA,"Prestación de servicios médicos veterinarios de hospitalización con suministro de
medicamentos insumos veterinarios y alimentos para los caninos del grupo BRAE de la
U.A.E. Cuerpo Oficial de Bomberos de Bogotá - SBLG",80000000,FARMACEUTICO_GENERAL,Distrito Capital de Bogotá,,
454078,CO1.PCCNTR.5352874,2023,CONCENTRADOS EL RANCHO LTDA DROGUERIA VETERINARIA,Compra de biológico para vacunación antirrábica canina y felina,75400000,VACUNA,Valle del Cauca,,
463504,CO1.PCCNTR.7154693,2024,CLINICA VETERINARIA JUPITER SAS,CONTRATAR EL SUMINISTRO DE MEDICAMENTOS VETERINARIOS PARA LOS SEMOVIENTES CANINOS ASIGNADOS AL GRUPO DE SEGURIDAD (GSECO) DEL COMANDO GENERAL DE LAS FUERZAS MILITARES (COGFM) DE ACUERDO CON LAS ESPECIFICACIONES DE LA FICHA TÉCNICA DEL ANEXO,74787600,FARMACEUTICO_GENERAL,Distrito Capital de Bogotá,,
328051,CO1.PCCNTR.2058792,2020,VETERINARIA AGROESPERANZA LTDA,EL SUMINISTRO DE MATERIAL VETERINARIO MEDICAMENTOS Y ALIMENTOS PARA EL SOSTENIMIENTO DE CANINOS CON DESTINO A LAS UNIDADES CENTRALIZADAS POR EL CENAC CALI PARA LA VIGENCIA FUTURA 2021,71011941,FARMACEUTICO_GENERAL,Valle del Cauca,,
403174,CO1.PCCNTR.2405388,2021,VETERINARIA AGROESPERANZA LTDA,EL SUMINISTRO DE MATERIAL VETERINARIO MEDICAMENTOS Y ALIMENTOS PARA EL SOSTENIMIENTO DE CANINOS CON DESTINO A LAS UNIDADES CENTRALIZADAS POR LA CENAC CALI,70231374,FARMACEUTICO_GENERAL,Valle del Cauca,,
454231,CO1.PCCNTR.5352130,2023,ZOOLAB S.A.S.,PRESTACIÓN DE SERVICIOS DE PRUEBAS DIAGNÓSTICAS VACUNAS Y ANÁLISIS QUÍMICOS DE ESPECIES ANIMALES ANÁLISIS BROMATOLÓGICOS DE PRODUCTOS LÁCTEOS Y CROMATOGRAFÍA DE ACEITES ESENCIALES PARA EL CENTRO DE BIOTECNOLOGÍA AGROPECUARIA SENA - MOSQUERA. LOTE -1,70190731,VACUNA,Cundinamarca,,
485482,CO1.PCCNTR.7868094,2025,CLÍNICA VETERINARIA FUNZA SAS,PRESTAR LOS SERVICIOS DE URGENCIAS MÉDICAS VETERINARIAS Y MEDICAMENTOS DESTINADOS A LA ATENCIÓN Y TRATAMIENTO PREVENTIVO CURATIVO Y DE URGENCIA DE PRIMERA NECESIDAD DE CARACTER INMEDIATO LA REALIZACIÓN DE ANAL/SIS EXAMENES CIRUGÍAS MENORES MAYORES Y GENERAL HOSPITALIZACIÓN O AISLAMIENTO PARA LA ATENCIÓN MEDICA VETERINARIA PARA ANIMALES ACCIDENTADOS Y ABANDONADOS DEL MUNICIPIO DE MOSQUERA,70000000,FARMACEUTICO_GENERAL,Cundinamarca,,
398487,21-9-472511,2021,EXPRESS PETS LA VACA LTDA,COMPRA DE INSUMOS Y MEDICAMENTOS PARA EL ALBERGUE TEMPORAL DE BIENESTAR ANIMAL DEL MUNICIPIO DE CAJICA,69863116,FARMACEUTICO_GENERAL,Cundinamarca,,
471685,CO1.PCCNTR.6356511,2024,CONCENTRADOS EL RANCHO LTDA DROGUERIA VETERINARIA,"ADQUISICIÓN DE SILLAS DE MONTURA PARA LOS EQUINOS DEL GRUPO DE
CABALLERÍA MECANIZADO SILVA PLAZAS DE LA CIUDAD DE DUITAMA BOYACÁ",69258000,FARMACEUTICO_GENERAL,Boyacá,,
389287,CO1.PCCNTR.2637143,2021,CONCENTRADOS EL RANCHO LTDA DROGUERIA VETERINARIA,ADQUISICIÓN DE CASETAS DE ORDEÑO PARA FACILITAR LAS BUENAS PRÁCTICAS GANADERAS Y LA PRODUCCIÓN DE LECHE EN EL MUNICIPIO DE CHÍA,69090000,FARMACEUTICO_GENERAL,Cundinamarca,,
328949,CO1.PCCNTR.2032713,2020,CONCENTRADOS EL RANCHO LTDA DROGUERIA VETERINARIA,ADQUISICIÓN DE ELEMENTOS PARA LOS SEMOVIENTES CANINOS ADSCRITOS A LA DIRECCIÓN DE ANTINARCÓTICOS - POLICÍA NACIONAL,68368356,FARMACEUTICO_GENERAL,Distrito Capital de Bogotá,,
484562,CO1.PCCNTR.7973217,2025,CONCENTRADOS EL RANCHO LTDA DROGUERIA VETERINARIA,SUMINISTRO DE MATERIAL VETERINARIO Y SOSTENIMIENTO CANINO PARA EL SEGUNDO SEMESTRE DE LA VIGENCIA 2025 DE LAS UNIDADES ORGANICAS DE LA OCTAVA BRIGADA Y EL CURSO GUÍA CANINO EN DETECCION DE SUSTANCIAS N° 129 CON DESTINO AL BICIS.,67284162,INSUMO_MEDICO,Quindío,,
330329,CO1.PCCNTR.2018233,2020,CONSULTORIO VETERINARIO PATOTAS,El CONTRATISTA se compromete para con el MUNICIPIO a realizar la jornada de vacunación masiva antirrábica de caninos y felinos en el área urbana y rural del Municipio de Pasto encargándose de disponer de la logística y el personal necesario para llevar a efecto dicha jornada de conformidad con las especificaciones técnicas exigidas.,67008000,VACUNA,Nariño,,
453037,CO1.PCCNTR.5480458,2023,CONCENTRADOS EL RANCHO LTDA DROGUERIA VETERINARIA,Contratar el suministro de alimentos concentrado necesarios para el sustento alimenticio y nutricional que no cubre el IDPYBA para los animales registrados en la base de datos pertenecientes al Sistema Distrital de Parques,66467907,INSUMO_MEDICO,Distrito Capital de Bogotá,,
454821,CO1.PCCNTR.5298446,2023,VETERINARIA AGROESPERANZA LTDA,SUMINISTRO DE ALIMENTOS Y MEDICAMENTOS PARA ANIMALES (CANINOS) CON DESTINO A LAS UNIDADES CENTRALIZADAS POR LA CENAC REGIONAL NEIVA EN LA VIGENCIA 2023,65959740,FARMACEUTICO_GENERAL,Huila,,
479073,CO1.PCCNTR.8611315,2025,CONCENTRADOS EL RANCHO LTDA DROGUERIA VETERINARIA,SUMINISTRO DE MATERIAL VETERINARIO Y SOSTENIMIENTO CANINO PARA LAS UNIDADES ORGÁNICAS DE LA OCTAVA BRIGADA Y EL CURSO 132 GUÍA CANINO (DETECCIÓN DE SUSTANCIAS) DEL BATALLÓN DE INGENIEROS No. 8  FRANCISCO JAVIER CISNEROS.,65614908,INSUMO_MEDICO,Quindío,,
484352,CO1.PCCNTR.7984812,2025,CLINICA VETERINARIA JUPITER SAS,PRESTAR LOS SERVICIOS MEDICOS VETERINARIOS CON SUMINISTRO DE MEDICAMENTOS Y MATERIAL VETERINARIO PARA LOS SEMOVIENTES CANINOS QUE CONFORMAN EL GRUPO SOPORTE CANINO DEL NIVEL CENTRAL DE LA FISCALIA GENERAL DE LA NACION,65000000,FARMACEUTICO_GENERAL,Distrito Capital de Bogotá,,
431191,CO1.PCCNTR.3671216,2022,VETERINARIA AGROESPERANZA LTDA,GOB 273 CONTRATAR A MONTO AGOTABLE EL SUMINISTRO DE ALIMENTACIÓN MEDICAMENTOS VETERINARIOS Y ELEMENTOS DE ASEO PARA LA LIMPIEZA Y FUNCIONAMIENTO DEL CENTRO DE ATENCION Y PROTECCIÓN ANIMAL DE LA CIUDAD DE IBAGUÉ,65000000,FARMACEUTICO_GENERAL,Tolima,,
351305,CO1.PCCNTR.1510823,2020,CONCENTRADOS EL RANCHO LTDA DROGUERIA VETERINARIA,contratar el suministro de medicamentos para los semovientes caninos asignados a la Dirección de Seguridad del Comando General de las Fuerzas Militares de acuerdo con las especificaciones técnicas,63776291,FARMACEUTICO_GENERAL,Distrito Capital de Bogotá,,
485233,CO1.PCCNTR.7918847,2025,EXPRESS PETS LA VACA LTDA,ADQUISICIÓN DE INSUMOS AGROPECUARIOS Y MEDICAMENTOS DE USO VETERINARIO COMO INCENTIVO A LA PARTICIPACION DE LOS EXPOSITORES DE LA MUESTRA AGROPECUARIA DENTRO DEL MARCO DE EXPOFUSA 2025,63207285,FARMACEUTICO_GENERAL,Cundinamarca,,
400452,CO1.PCCNTR.2470733,2021,CONCENTRADOS EL RANCHO LTDA DROGUERIA VETERINARIA,SUMINISTRO DE MEDICAMENTOS INSUMOS Y SUPLEMENTOS VETERINARIOS PARA EL MANEJO Y TRATAMIENTO DE LA FAUNA SILVESTRE QUE SE ENCUENTRE BAJO CUSTODIA DE LA SDA,61050000,FARMACEUTICO_GENERAL,Distrito Capital de Bogotá,,
469859,CO1.PCCNTR.6509818,2024,ALMACEN AGROPECUARIO DE ANTIOQUIA SAS,"SUMINISTRO INSUMOS AGRARIOS (QUIMICOS ORGÁNICOS Y BIOLOGICOS) PARA EL MANEJO
FISIOLÓGICO Y CONTROL FITOSANITARIO EN LA PROPAGACION Y DESARROLLO DE ÁRBOLES
Y JARDINES EN LA CIUDAD.",60000000,INSUMO_MEDICO,Risaralda,,
468408,CO1.PCCNTR.6683137,2024,CLINICA VETERINARIA JUPITER SAS,PRESTAR LOS SERVICIOS MÉDICOS VETERINARIOS CON SUMINISTRO DE MEDICAMENTOS MATERIAL VETERINARIO Y MATERIAL DE BIENESTAR CANINO PARA LOS SEMOVIENTES CANINOS QUE CONFORMAN EL GRUPO SOPORTE CANINO DE LA DIRECCIÓN DEL CUERPO TÉCNICO DE INVESTIGACIÓN DE LA FISCALÍA GENERAL DE LA NACIÓN.,60000000,FARMACEUTICO_GENERAL,Distrito Capital de Bogotá,,
487568,CO1.PCCNTR.7611249,2025,CONCENTRADOS EL RANCHO LTDA DROGUERIA VETERINARIA,ADQUISICIÓN DE SILLAS DE MONTAR PARA EL USO CON SEMOVIENTES EQUINOS ARTÍCULOS MANUFACTURADOS (DOTACIÓN SEGURIDAD PARA MONTAR A CABALLO) Y OTROS ELEMENTOS PARA EL SOSTENIMIENTO DE LOS EQUINOS PERTENECIENTES A LA ESCUELA NACIONAL DE CARABINEROS ALFONSO LÓPEZ PUMAREJO Y LA ESCUELA DE EQUITACIÓN DE LA POLICIAL CORONEL LUIS AUGUSTO TELLO SÁNCHEZ,59486672,FARMACEUTICO_GENERAL,Cundinamarca,,
483206,CO1.PCCNTR.8123352,2025,CONCENTRADOS EL RANCHO LTDA DROGUERIA VETERINARIA,"ADQUISICIÓN DE HERRADURAS PARA LOS EQUINOS DEL GMSIL UNIDAD
CENTRALIZADA POR LA CENAC TUNJA",58089850,FARMACEUTICO_GENERAL,Boyacá,,
424430,CO1.PCCNTR.3809745,2022,VETERINARIA AGROESPERANZA LTDA,SUMINISTRO DE ALIMENTOS Y MEDICAMENTOS PARA ANIMALES (CANINOS) CON DESTINO A LAS UNIDADES CENTRALIZADAS POR LA CENAC REGIONAL NEIVA PARA LA VIGENCIA 2022- SEGUNDO SEMESTRE,57535567,FARMACEUTICO_GENERAL,Huila,,
486246,CO1.PCCNTR.7816023,2025,VETERINARIA AGROESPERANZA LTDA,Contratar la prestación del servicio para el sostenimiento de los caninos suministro de alimentos medicamentos material veterinario y servi-cios médicos veterinarios para el Grupo de Soporte Canino de la Subdirección Regional de Apoyo Centro Sur de la Fiscalía General de la Nación.,56982900,FARMACEUTICO_GENERAL,Tolima,,
470534,CO1.PCCNTR.6430259,2024,EXPRESS PETS LA VACA LTDA,"Suministro de alimento concentrado medicamentos fertilizantes y elementos
y productos de uso veterinario para el mantenimiento de la salud y bienestar de los animales que se alojan en el
Instituto Nacional de Salud - Grupo No.1 Alimento Concentrado y Grupo No.3 Fertilizantes",56238384,FARMACEUTICO_GENERAL,Distrito Capital de Bogotá,,
478613,CO1.PCCNTR.8672947,2025,CLINICA VETERINARIA JUPITER SAS,CONTRATAR EL SUMINISTRO DE MEDICAMENTOS VETERINARIOS PARA LOS SEMOVIENTES CANINOS ASIGNADOS AL GRUPO DE SEGURIDAD (GSECO) DEL COMANDO GENERAL DE LAS FUERZAS MILITARES (COGFM) DE ACUERDO CON LAS ESPECIFICACIONES DE LA FICHA TÉCNICA DEL ANEXO,54821000,FARMACEUTICO_GENERAL,Distrito Capital de Bogotá,,
451500,23-9-495735,2023,AGROPECUARIA TECNICA ESPECIALIZADA S.A.S. - AGROTECS,ADQUISICION DE INSUMOS QUIMICOS REACTIVOS Y ELEMENTOS PARA LA POTABILIZACION DEL AGUA DE LA PLANTA DE TRATAMIENTO DEL ACUEDUCTO URBANO DEL MUNICIPIO DE SUSA CUNDINAMARCA,54611000,DISPOSITIVO_MEDICO,Cundinamarca,,
304305,11-11-613185,2025,VETERINARIA AGROAMIGOS LTDA,SUMINISTRO DE  INSUMOS AGRICOLAS Y PECUARIOS PARA LOS CONVENIOS SILVOPASTOREO Y HORTICOLA PARA LA SECRETARIA DE AGRICULTURA GANADERIA Y CONTROL DEL MEDIO AMBIENTE DEL MUNICIPIO DE PAIPA,53831154,,Boyacá,,
472620,CO1.PCCNTR.6256748,2024,VETERINARIA AGROESPERANZA LTDA,Contratar la prestación del servicio para el sostenimiento de los caninos suministro de alimentos medicamentos material veterinario y servicios médicos veterinarios para el grupo soporte canino de la Subdirección Regional Centro Sur de la Fiscalía General de la Nación.,53747455,FARMACEUTICO_GENERAL,Tolima,,
75491,13-13-1857799,2025,CONCENTRADOS EL RANCHO LTDA DROGUERIA VETERINARIA,ADQUISICION DE MEDICAMENTOS DE USO VETERINARIO PARA LOS SEMOVIENTES DEL ESCUADRON DE CARABINEROS DE LA POLICIA NACIONAL CON SEDE EN CALI INCLUYE VIGENCIAS FUTURAS 2014,52689052,,Bogotá D.C.,,
349118,CO1.PCCNTR.1573115,2020,VETERINARIA AGROESPERANZA LTDA,PRESTACIÓN DE LOS SERVICIOS MÉDICOS VETERINARIOS CON SUMINISTRO DE MATERIAL VETERINARIO Y MEDICAMENTOS PARA LOS EJEMPLARES CANINOS QUE CONFORMAN EL GRUPO SOPORTE CANINO DEL NIVEL CENTRAL DE LA FISCALÍA GENERAL DE LA NACIÓN,52550000,FARMACEUTICO_GENERAL,Distrito Capital de Bogotá,,
327201,20-13-11411743,2020,CONCENTRADO EL RANCHO LTDA DROGUERIA VETERINARIA,SUMINISTRO DE MEDICAMENTOS E INSUMOS HOSPITALARIOS Y DEMAS ARTICULOS DE APOYO PARA LA ATENCION DE LA FAUNA SILVESTRE RECUPERADA APREHENDIDA Y DECOMISADA POR LA CORPORACION EN EL CAV DE FAUNA SILVESTRE DEL MUNICIPIO DE TOCAIMA,51720338,FARMACEUTICO_GENERAL,Bogotá D.C.,,
338774,20-4-11135064,2020,CONCENTRADOS EL RANCHO LTDA DROGUERIA VETERINARIA,ADQUIRIR INSUMOS VETERINARIOS PARA LOS ESPACIOS ACADEMICOS DE LA UNIVERSIDAD DE CUNDINAMARCA,51511000,INSUMO_MEDICO,Cundinamarca,,
298356,22-9-486237,2025,AGROPECUARIA TECNICA ESPECIALIZADA S.A.S.,SUMINISTRO Y ENTREGA  DE ELEMENTOS PARA CONMEMORACION DEL DIA DEL CAMPESINO NUEVOCOLONENSE COMO INCENTIVO  A LAS UNIDADES  FAMILIARES DEL MUNICIPIO DE NUEVO COLON - BOYACA.,51132267,,Boyacá,,
451336,CO1.PCCNTR.5671066,2023,CENTRO MEDICO VETERINARIO IRACA,"PRESTACIÓN DE SERVICIOS ORGANIZANDO EJECUTANDO Y 
GESTIONANDO LA JORNADA MASIVA EXTRAMURAL DE VACUNACIÓN 
ANTIRRÁBICA DE CANINOS Y FELINOS EN EL ÁREA RURAL Y URBANA DEL 
MUNICIPIO DE SOGAMOSO DENTRO DEL MARCO DEL PROYECTO 
SANIDAD E INOCUIDAD TAREA DE TODOS.",50934000,VACUNA,Boyacá,,
348650,CO1.PCCNTR.1578308,2020,VETERINARIA AGROESPERANZA LTDA,CONTRATAR A MONTO AGOTABLE EL SUMINISTRO DE ALIMENTACION MEDICAMENTOS VETERINARIOS Y ELEMENTOS  DE ASEO PARA LA LIMPIEZA Y EL FUNCIONAMIENTO DEL COSO MUNICIPAL DE LA CIUDAD  DE IBAGUE,50780000,FARMACEUTICO_GENERAL,Tolima,,
349117,CO1.PCCNTR.1566138,2020,VETERINARIA MYM SAS,Prestación de servicio médico veterinario con suministro de alimento concentrado material veterinario y medicamentos para el sostenimiento de la unidad canina de la Fiscalía General de la Nación Seccionales Santander y Norte de Santander,50668000,FARMACEUTICO_GENERAL,Santander,,
457714,CO1.PCCNTR.4988316,2023,VETERINARIA AGROESPERANZA LTDA,Contratar la prestación del servicio para el sostenimiento de los caninos suministro de alimentos medicamentos material veterinario y servicios médicos veterinarios para el grupo soporte canino de la Subdirección Regional Centro Sur de la Fiscalía General de la Nación.,50137336,FARMACEUTICO_GENERAL,Tolima,,
457647,CO1.PCCNTR.5000227,2023,VETERINARIA AGROESPERANZA LTDA,La Fiscalía General de la Nación- Subdirección Regional de Apoyo Noroccidental requiere contratar la Prestación de servicios médicos veterinarios con suministro de material veterinario y medicamentos para los ejemplares caninos que conforman el Grupo Soporte Canino Unidades caninas Medellín Antioquia - Montería Córdoba.,50000000,FARMACEUTICO_GENERAL,Antioquia,,
480812,CO1.PCCNTR.8390236,2025,ZOOVET JB SAS,"PRESTACIÓN DE SERVICIOS MÉDICOS VETERINARIOS DE HOSPITALIZACIÓN CON SUMINISTRO DE MEDICAMENTOS E INSUMOS VETERINARIOS PARA LOS CANINOS DE LA U.A.E. CUERPO OFICIAL DE BOMBEROS
DE BOGOTÁ - SBLG",50000000,FARMACEUTICO_GENERAL,Distrito Capital de Bogotá,,
479733,CO1.PCCNTR.8526266,2025,EXPRESS PETS LA VACA LTDA,"SUMINISTRO DE INSUMOS MEDICAMENTOS MÉDICO VETERINARIOS Y DE ALIMENTOS PARA LA 
ATENCIÓN DE ANIMALES DE COMPAÑÍA PARA LA SECRETARÍA DE AGRICULTURA Y AMBIENTE DEL MUNICIPIO DE 
FUSAGASUGÁ",49849352,FARMACEUTICO_GENERAL,Cundinamarca,,
400753,CO1.PCCNTR.2446081,2021,CONCENTRADOS EL RANCHO LTDA DROGUERIA VETERINARIA,suministro de medicamentos para los semovientes caninos asignados a la Dirección de Seguridad del COGFM de acuerdo con las especificaciones técnicas del ANEXO,48222216,FARMACEUTICO_GENERAL,Distrito Capital de Bogotá,,
454898,CO1.PCCNTR.5289416,2023,CONCENTRADOS EL RANCHO LTDA DROGUERIA VETERINARIA,ADQUISICIÓN DE PRODUCTOS VETERINARIOS INSUMOS AGROPECUARIOS Y PLANTULAS PARA DAR CUMPLIMIENTO A LOS SERVICIOS DE ASISTENCIA TÉCNICA FORTALECIMIENTO Y EXTENSIONISMO RURAL ENCAMINADO A LOS PRODUCTORES Y ASOCIACIONES AGROPECUARIAS VINCULADOS A LA SECRETARIA DE AGRICULTURA DESARROLLO ECONÓMICO Y AMBIENTE DEL MUNICIPIO DE SIBATÉ,48200000,INSUMO_MEDICO,Cundinamarca,,
397816,CO1.PCCNTR.2507690,2021,CONCENTRADOS EL RANCHO LTDA DROGUERIA VETERINARIA,ADQUIRIR ELEMENTOS MÉDICO VETERINARIOS PARA EL CUIDADO DE LOS ESPECÍMENES DE FAUNA SILVESTRE ALOJADOS EN EL CENTRO DE ATENCIÓN Y VALORACIÓN DE FAUNA Y FLORA SILVESTRE DE LA SDA,46950000,FARMACEUTICO_GENERAL,Distrito Capital de Bogotá,,
389681,CO1.PCCNTR.2629864,2021,CONCENTRADOS EL RANCHO LTDA DROGUERIA VETERINARIA,Contratar el suministro de alimentos concentrado medicamentos veterinarios y otros elementos esenciales necesarios en la atención externa que no cubre el IDPYBA para los animales registrados en la base de datos pertenecientes al Sistema Distrital de Parques.,46900000,FARMACEUTICO_GENERAL,Distrito Capital de Bogotá,,
454059,CO1.PCCNTR.5369509,2023,CONCENTRADOS EL RANCHO LTDA DROGUERIA VETERINARIA,SUMINISTRO DE INSUMOS AGROVETERINARIOS COMO ESTRATEGIA PARA GARANTIZAR ACTIVIDADES DE EXTENSIONISMO RURAL Y GARANTIZAR EL FUNCIONAMIENTO DE LA GRANJA AGRICOLA Y EL VIVERO MUNICIPAL,46026785,INSUMO_MEDICO,Cundinamarca,,
478971,CO1.PCCNTR.8605958,2025,AGROPECUARIA EL CORRAL,CONTRATAR EL SUMINISTRO DE INSUMOS MEDICAMENTOS VETERINARIOS HERRAMIENTAS Y KIT AGRICOLAS PARA LA BUENA PRESTACIÓN DEL SERVICIO DE LOS PROGRAMAS DE ASISTENCIA TÉCNICA AGROPECUARIA PISCÍCOLA FORESTAL Y MEDIO AMBIENTE EN EL MUNICIPIO DE HONDA,45000000,FARMACEUTICO_GENERAL,Tolima,,
468159,CO1.PCCNTR.6702776,2024,CLINICA VETERINARIA JUPITER SAS,Prestación de servicios médicos veterinarios con suministro de medicamentos e insumos veterinarios para los caninos de la U.A.E. Cuerpo Oficial de Bomberos de Bogotá - SBLG,45000000,FARMACEUTICO_GENERAL,Distrito Capital de Bogotá,,
377402,21-9-476102,2021,CONCENTRADOS EL RANCHO LTDA DROGUERIA VETERINARIA,SUMINISTRO DE INSUMOS Y ELEMENTOS POR PRECIO UNITARIO Y MONTO AGOTABLE DESTINADO A LA EJECUCION DE LOS PROGRAMAS Y PROYECTOS AGROPECUARIOS DEL MUNICIPIO DE VENECIA  CUNDINAMARCA VIGENCIA 2021,45000000,INSUMO_MEDICO,Cundinamarca,,
459111,CO1.PCCNTR.4829672,2023,CONCENTRADOS EL RANCHO LTDA DROGUERIA VETERINARIA,SUMINISTRO DE CONCENTRADO PARA ANIMALES PARA LOS LABORATORIOS DE LA SUBGERENCIA DE ANÁLISIS Y DIAGNÓSTICO,45000000,INSUMO_MEDICO,Distrito Capital de Bogotá,,
366791,22-4-12660209,2021,RED AGROVETERINARIA S.A,CONTRATO DE SUMINISTRO PARA LA PROVISION DE MEDICAMENTOS INSUMOS MEDICOS Y PRODUCTOS GVETERINARIOS PARA LA REALIZACION DE TRATAMIENTO DE ANIMALES A CARGO DEL PARQUE TEMATICO DE FLORA Y FAUNA DE PEREIRA S.A.S BIOPARQUE UKUMARI,45000000,FARMACEUTICO_GENERAL,Risaralda,,
342999,20-9-465494,2020,EXPRESS PETS LA VACA LTDA,COMPRA DE MEDICAMENTOS Y/O INSUMOS VETERINARIOS PECUARIOS Y AGRICOLAS,44960000,FARMACEUTICO_GENERAL,Cundinamarca,,
424285,22-9-484197,2022,EXPRESS PETS LA VACA LTDA,ADQUISICION DE INSUMOS MEDICAMENTOS Y ELEMENTOS NECESARIOS PARA EL DESARROLLO DE PROGRAMAS Y ACTIVIDADES PECUARIAS DEL MUNICIPIO DE SAN FRANCISCO  CUNDINAMARCA,44924817,FARMACEUTICO_GENERAL,Cundinamarca,,
423102,CO1.PCCNTR.3971411,2022,CONCENTRADOS EL RANCHO LTDA DROGUERIA VETERINARIA,ADQUISICIÓN DE ELEMENTOS E INSUMOS PARA EL DESARROLLO DE LAS ACCIONES DE INSPECCIÓN VIGILANCIA Y CONTROL ZOONOSIS ALBERGUE CANINO Y FELINO Y SALUD PÚBLICA DE LA SECRETARIA DE SALUD DE CHÍA,43620064,INSUMO_MEDICO,Cundinamarca,,
424421,CO1.PCCNTR.3821314,2022,ALMACEN AGROPECUARIO DE ANTIOQUIA SAS,Adquisición de implementos insumos y medicamentos necesarios para el desarrollo de las actividades de prevención y atención medico veterinaria y zootecnista que se realicen en el municipio de Caldas Antioquia,42256775,FARMACEUTICO_GENERAL,Antioquia,,
427085,CO1.PCCNTR.3754504,2022,VETERINARIA AGROESPERANZA LTDA,SUMINISTRO DE ALIMENTO CONCENTRADO MATERIAL VETERINARIO Y MEDICAMENTOS CON PRESTACIÓN DE SERVICIOS MÉDICOS VETERINARIOS PARA LOS SEMOVIENTES CANINOS DEL GRUPO SOPORTE CANINO NIVEL NACIONAL GRUPO 2 REGIONAL NOROCCIDENTAL.,42255000,FARMACEUTICO_GENERAL,Distrito Capital de Bogotá,,
419185,22-9-487523,2022,EXPRESS PETS LA VACA LTDA,ADQUISICION  DE INSUMOS AGROPECUARIOS MEDICAMENTOS VETERINARIOS INSTRUMENTAL QUIRURGICO  Y DEMAS ELEMENTOS E INSUMOS PARA EL FORTALECIMIENTO Y ASISTENCIA TECNICA AL ALBERGUE  MUNICIPAL DE FAUNA PROYECTOS AGROPECUARIOS BIENESTAR ANIMAL Y DEMAS PROGRAMAS DEL SECTOR RURAL DEL MUNICIPIO DE GUASCA,41538425,FARMACEUTICO_GENERAL,Cundinamarca,,
484759,CO1.PCCNTR.7950550,2025,SERVICO DE DIAGNOSTICO VETERINARIO CM SAS,SUMINISTRO DE REACTIVOS DE LA MARCA CHECK & TRACE PARA LOS LABORATORIOS DE LA SUBGERENCIA DE ANÁLISIS Y DIAGNÓSTICO,41406000,DISPOSITIVO_MEDICO,Distrito Capital de Bogotá,,
465039,CO1.PCCNTR.6998654,2024,ZOOLAB S.A.S.,PRESTACIÓN DE SERVICIOS DE PRUEBAS DIAGNÓSTICAS VACUNAS ANÁLISIS QUÍMICOS DE ESPECIES ANIMALES Y ANÁLISIS BROMATOLÓGICO- ESPECIALIZADOS PARA EL CENTRO DE BIOTECNOLOGÍA AGROPECUARIA SENA- MOSQUERA,40983000,VACUNA,Cundinamarca,,
459663,CO1.PCCNTR.4776743,2023,CLÍNICA VETERINARIA FUNZA SAS,PRESTAR LOS SERVICIOS DE URGENCIAS MÉDICAS VETERINARIAS Y MEDICAMENTOS DESTINADOS A LA ATENCIÓN Y TRATAMIENTO (PREVENTIVO CURATIVO Y DE URGENCIA) DE CARÁCTER INMEDIATO REALIZACIÓN DE ANÁLISIS EXAMENES CIRUGÍAS MENORES MAYORES Y GENERAL HOSPITALIZACIÓN O AISLAMIENTO PARA LA ATENCIÓN MEDICA VETERINARIA PARA ANIMALES ACCIDENTADOS Y ABANDONADOS CON INSTALACIONES ADECUADAS EN EL MUNICIPIO DE MOSQUERA MEDIANTE EL SISTEMA DE MONTO AGOTABLE POR PRECIO UNITARIO.,40000000,FARMACEUTICO_GENERAL,Cundinamarca,,
472650,CO1.PCCNTR.6224735,2024,CLÍNICA VETERINARIA FUNZA SAS,PRESTAR LOS SERVICIOS DE URGENCIAS MÉDICAS VETERINARIAS Y MEDICAMENTOS DESTINADOS A LA ATENCIÓN Y TRATAMIENTO PREVENTIVO CURATIVO Y DE URGENCIA DE PRIMERA NECESIDAD DE CARÁCTER INMEDIATO LA REALIZACIÓN DE ANÁLISIS EXAMENES CIRUGÍAS MENORES MAYORES Y GENERAL HOSPITALIZACIÓN O AISLAMIENTO PARA LA ATENCIÓN MEDICA VETERINARIA PARA ANIMALES ACCIDENTADOS Y ABANDONADOS DEL MUNICIPIO DE MOSQUERA,40000000,FARMACEUTICO_GENERAL,Cundinamarca,,
419471,22-11-13372770,2022,PROVEEDORA PECUARIA DE COLOMBIA SAS,SUMINISTRO DE INSUMOS AGROPECUARIOS MATERIAL DE DOTACION Y MEDICAMENTOS VETERINARIOS COMO APOYO A LOS PROGRAMAS DE ESTENSION AGROPECUARIA ASISTENCIA TECNICA BIENESTAR Y ECONOMICO Y RURAL DEL DEL MUNICIPIO DE BOJACA,40000000,FARMACEUTICO_GENERAL,Cundinamarca,,
332532,20-13-11248695,2020,CONCENTRADOS EL RANCHO LTDA DROGUERIA VETERINARIA,ADQUISICION DE KITS DE ORDENO PARA EL MEJORAMIENTO DE LAS BUENAS PRACTICAS DE ORDENO Y AUMENTO DE LA CALIDAD DE LECHE DE LOS PEQUENOS PRODUCTORES DEL MUNICIPIO DE CHIA,39499998,FARMACEUTICO_GENERAL,Cundinamarca,,
344111,20-13-10887085,2020,SERVICIOS E INVERSIONES AGROPECUARIAS EL TREBOL LTDA,ADQUISICION DE INSUMOS Y MEDICAMENTOS VETERINARIOS PARA ATENCION MEDICO- CLINICA Y REPRODUCTIVA PECUARIA ORIENTADA AL DESARROLLO Y SOSTENIMIENTO DE LOS PROYECTOS PRODUCTIVOS DE LA SECRETARIA PARA EL DESARROLLO ECONOMICO,39499227,FARMACEUTICO_GENERAL,Cundinamarca,,
338984,20-13-11071750,2020,AGRICOLA Y VETERINARIA EL PATO AGROVETERINARIA EL PATO SAS,COMPRA DE MEDICAMENTOS E INSUMOS VETERINARIOS PARA EL DESARROLLO DE PROGRAMAS DE ASISTENCIA TECNICA AGROPECUARIA EN EL MUNICIPIO DE ZIPAQUIRA.,38998967,FARMACEUTICO_GENERAL,Cundinamarca,,
352048,CO1.PCCNTR.1482807,2020,CONCENTRADOS EL RANCHO LTDA DROGUERIA VETERINARIA,: contratar el servicio médico veterinario para los 28 semovientes caninos asignados a la Dirección de Seguridad del Comando General de las Fuerzas Militares de acuerdo con las especificaciones técnicas,38887296,FARMACEUTICO_GENERAL,Distrito Capital de Bogotá,,
479897,CO1.PCCNTR.8500799,2025,CONCENTRADOS EL RANCHO LTDA DROGUERIA VETERINARIA,COMPRAVENTA DE MEDICAMENTOS E INSUMOS NECESARIOS PARA EL FUNCIONAMIENTO DEL COSO MUNICIPAL A FIN DE GARANTIZAR EL BUEN TRATO Y LAS CONDICIONES DE VIDA DIGNA A LOS ANIMALES QUE ALLÍ RESIDAN ACCIONES ENCAMINADAS AL CUMPLIMIENTO DE LA NORMATIVIDAD VIGENTE EN MATERIA DE PROTECCIÓN DE LOS ANIMALES CALLEJEROS PARA LA VIGENCIA 2025,38500303,FARMACEUTICO_GENERAL,Caldas,,
420724,CO1.PCCNTR.4185308,2022,ALMACEN AGROPECUARIO DE ANTIOQUIA SAS,SOPORTE NUTRICIONAL SUMINISTROS DE MEDICAMENTOS E INSUMOS DE ASEO Y LIMPIEZA PARA EL FUNCIONAMIENTO DEL PROGRAMA ARCA Y EL CONTROL NATAL DE CANINOS Y FELINOS DEL MUNICIPIO DE LA ESTRELLA,38314000,FARMACEUTICO_GENERAL,Antioquia,,
353079,CO1.PCCNTR.1477054,2020,DISTRIBUIDORA AGROPECUARIA NUESTRO CAMPO LIMITADA,CONTRATAR EL SUMINISTRO DE ALIMENTOS Y MEDICAMENTOS PARA EL SOSTENIMIENTO CONSERVACIÓN Y MEJORAMIENTO DE LA PRODUCTIVIDAD DE LOS SEMOVIENTES DEL CENTRO PARA EL DESARROLLO AGROECOLÓGICO Y AGROINDUSTRIAL REGIONAL ATLÁNTICO  CEDAGRO VIGENCIA 2020.,38001850,FARMACEUTICO_GENERAL,Atlántico,,
485921,CO1.PCCNTR.7833418,2025,ZOOMED AF GROUP SAS,SUMINISTROS DE MEDICAMENTOS ALIMENTOS E INSUMOS PARA GARANTIZAR LA ATENCION Y OPERATIVIDAD DEL CENTRO DE BIENESTAR ANIMAL MUNICIPAL DE LA SECRETARIA DE AMBIENTE Y DESARROLLO ECONOMICO,38000000,FARMACEUTICO_GENERAL,Casanare,,
482289,CO1.PCCNTR.8228392,2025,CONCENTRADOS EL RANCHO LTDA DROGUERIA VETERINARIA,Contratar el suministro de alimento concentrado  para el sostenimiento de los semovientes  caninos del  complejo carcelario y penitenciario con alta media y mínima seguridad de BOGOTÁ (COBOG).,37998400,INSUMO_MEDICO,Distrito Capital de Bogotá,,
454232,CO1.PCCNTR.5352380,2023,CONCENTRADOS EL RANCHO LTDA DROGUERIA VETERINARIA,ADQUISICIÓN DE INSUMOS Y MEDICAMENTOS VETERINARIOS PARA PREVENCIÓN Y ATENCIÓN PECUARIA DE LA SECRETARIA PARA EL DESAROLLO ECONÓMICO,37935096,FARMACEUTICO_GENERAL,Cundinamarca,,
377701,CO1.PCCNTR.2868291,2021,ALMACEN AGROPECUARIO DE ANTIOQUIA SAS,"ADQUISICIÓN DE INSUMOS Y EQUIPOS PARA VACUNACIÓN CANINA
Y FELINA DE LA SECRETARIA DE SALUD DEPARTAMENTAL",37768631,VACUNA,Sucre,,
485900,CO1.PCCNTR.7846018,2025,CONCENTRADOS EL RANCHO LTDA DROGUERIA VETERINARIA,SUMINISTRO DE MATERIAL VETERINARIO Y SOSTENIMIENTO CANINO PARA EL CURSO GUIA 125 DEL BATALLON DE INGENIEROS No 8 JAVIER FRANCISCO CISNEROS UNIDAD MILITAR DE LA OCTAVA BRIGADA,37641750,INSUMO_MEDICO,Quindío,,
344058,CO1.PCCNTR.1662062,2020,VETERINARIA AGROESPERANZA LTDA,COMPRA DE INSUMOS CRÍTICOS PARA APOYO A LA VACUNACIÓN ANTIRRÁBICA CANINA Y FELINA EN EL DEPARTAMENTO DEL HUILA,37007000,VACUNA,Huila,,
485143,CO1.PCCNTR.7922959,2025,EXPRESS PETS LA VACA LTDA,SUMINISTRO DE INSUMOS MEDICAMENTOS HERRAMIENTAS EQUIPOS Y OTROS PARA EL DESARROLLO DE LOS PROGRAMAS DE BIENESTAR ANIMAL SEGURIDAD ALIMENTARIA VIVERO MUNICIPAL FORESTAL Y CAFETERO QUE LIDERA LA OATA MUNICIPAL DE MACHETA CUNDINAMARCA,37000000,FARMACEUTICO_GENERAL,Cundinamarca,,
329298,CO1.PCCNTR.2036821,2020,CONCENTRADOS EL RANCHO LTDA DROGUERIA VETERINARIA,"Realizar la entrega de kits compuestos por insumos de fertilizantes a los
Página 2 de 5
productores damnificados por la afectación meteorológica en el municipio de Moniquirá departamento de Boyacá; contribuyendo en la recuperación de la etapa productiva.",36691734,INSUMO_MEDICO,Distrito Capital de Bogotá,,
328813,CO1.PCCNTR.2045905,2020,CONCENTRADOS EL RANCHO LTDA DROGUERIA VETERINARIA,contratar el suministro de alimento concentrado (alta energía para perros adultos) para los semovientes caninos asignados a la Dirección de Seguridad de acuerdo con las especificaciones técnicas del Anexo,36087450,INSUMO_MEDICO,Distrito Capital de Bogotá,,
456653,CO1.PCCNTR.5093336,2023,CONCENTRADOS EL RANCHO LTDA DROGUERIA VETERINARIA,Suministro de alimento concentrado medicamentos fertilizantes y elementos y productos de uso veterinario para el mantenimiento de la salud y bienestar de los animales que se alojan en el Instituto Nacional de Salud. GRUPO 1 ALIMENTO CONCENTRADO,36022000,FARMACEUTICO_GENERAL,Distrito Capital de Bogotá,,
389278,CO1.PCCNTR.2628937,2021,VETERINARIA AGROESPERANZA LTDA,SUMINISTRO DE ALIMENTO CONCENTRADO MATERIAL VETERINARIO Y MEDICAMENTOS CON PRESTACIÓN DE SERVICIOS MÉDICOS VETERINARIOS PARA LOS SEMOVIENTES CANINOS DEL GRUPO SOPORTE CANINO NIVEL NACIONAL GRUPO 5 -REGIONAL PACIFICO,36000000,FARMACEUTICO_GENERAL,Distrito Capital de Bogotá,,
389291,CO1.PCCNTR.2629032,2021,VETERINARIA AGROESPERANZA LTDA,SUMINISTRO DE ALIMENTO CONCENTRADO MATERIAL VETERINARIO Y MEDICAMENTOS CON PRESTACIÓN DE SERVICIOS MÉDICOS VETERINARIOS PARA LOS SEMOVIENTES CANINOS DEL GRUPO SOPORTE CANINO NIVEL NACIONAL GRUPO 6 - REGIONAL NORORIENTAL,36000000,FARMACEUTICO_GENERAL,Distrito Capital de Bogotá,,
389273,CO1.PCCNTR.2629125,2021,VETERINARIA AGROESPERANZA LTDA,SUMINISTRO DE ALIMENTO CONCENTRADO MATERIAL VETERINARIO Y MEDICAMENTOS CON PRESTACIÓN DE SERVICIOS MÉDICOS VETERINARIOS PARA LOS SEMOVIENTES CANINOS DEL GRUPO SOPORTE CANINO NIVEL NACIONAL GRUPO 2 - REGIONAL NOROCCIDENTAL,36000000,FARMACEUTICO_GENERAL,Distrito Capital de Bogotá,,
486434,CO1.PCCNTR.7779745,2025,VETERINARIA AGROESPERANZA LTDA,SUMINISTRO DE ALIMENTOS Y MEDICAMENTOS PARA ANIMALES (CANINOS) CON DESTINO A LAS UNIDADES CENTRALIZADAS POR LA CENAC REGIONAL NEIVA PARA LA VIGENCIA 2025,35680995,FARMACEUTICO_GENERAL,Huila,,
487668,CO1.PCCNTR.7653419,2025,VETERINARIA MYM SAS,PRESTACIÓN DE SERVICIO MÉDICO VETERINARIO CON SUMINISTRO DE ALIMENTO CONCENTRADO MATERIAL VETERINARIO Y MEDICAMENTOS PARA EL SOSTENIMIENTO DE LA UNIDAD CANINA DE LA FISCALÍA GENERAL DE LA NACIÓN SECCIONAL NORTE DE SANTANDER,35610000,FARMACEUTICO_GENERAL,Santander,,
488357,25-13-14344290,2025,CORPORACION PARA EL DESARROLLO AMBIENTAL Y AGROPECUARIO COLOMBIANO,PRESTACION DE SERVICIOS PARA GARANTIZAR LA VACUNACIoN A TODO COSTO DE EJEMPLARES BOVINOS EN EL MUNICIPIO DE TIPACOQUE COMO APOYO A LOS PEQUEÑOS PRODUCTORES PECUARIOS DEL MUNICIPIO.,35580000,VACUNA,Boyacá,,
467716,CO1.PCCNTR.6739151,2024,EXPRESS PETS LA VACA LTDA,"ADQUISICION DE INSUMOS EQUIPOS Y MEDICAMENTOS VETERINARIOS
PARA LA ESTERILIZACION DE CANINOS Y FELINOS EN EL MUNICIPIO DE LA
MESA",35556362,FARMACEUTICO_GENERAL,Cundinamarca,,
478056,CO1.PCCNTR.8733843,2025,ZOOMED AF GROUP SAS,COMPRAVENTA DE MEDICAMENTOS ALIMENTOS E INSUMOS PARA GARANTIZAR LA ATENCION Y OPERATIVIDAD DEL CENTRO DE BIENESTAR ANIMAL DEL MUNICIPIO DE VILLANUEVA CASANARE,35444117,FARMACEUTICO_GENERAL,Casanare,,
349580,CO1.PCCNTR.1549680,2020,CONCENTRADOS EL RANCHO LTDA DROGUERIA VETERINARIA,SUMINISTRO ALIMENTOS CONCENTRADOS PRODUCTOS VETERINARIOS ACCESORIOS Y MEDICAMENTOS PARA LOS SEMOVIENTES CANINOS Y EQUINOS DEL COMANDO AÉREO DE COMBATE N° 1. SEGÚN FICHA TÉCNICA,35396349,FARMACEUTICO_GENERAL,Cundinamarca,,
402070,CO1.PCCNTR.2433425,2021,CONCENTRADOS EL RANCHO LTDA DROGUERIA VETERINARIA,Suministro de alimentación para los caninos del grupo BRAE de la UAE Cuerpo Oficial de Bomberos.,35000000,INSUMO_MEDICO,Distrito Capital de Bogotá,,
474198,CO1.PCCNTR.5969971,2024,Distribuidora Zooluvet S.A.S,PRESTACION DE SERVICIOS DE SUMINISTRO DE ALIMENTOS Y MEDICAMENTOS TANTO PREVENTIVOS COMO DE TRATAMIENTO QUE GARANTICEN UNA ATENCION ADECUADA OPORTUNA Y DE BUENA CALIDAD EN LAS DIFERENTES ESPECIES DE ANIMALES EN EL ALBERGUE O COSO MUNICIPAL.,34580000,FARMACEUTICO_GENERAL,Caldas,,
460567,CO1.PCCNTR.4662582,2023,PERROS Y GATOS CLINICA VETERINARIA,Servicio de asistencia integral para la Unidad de Soporte Canino de la DPA conformada por siete (7) caninos consistente en proporcionar atención médica veterinaria periódica y de urgencias exámenes de laboratorio suministrar medicamentos vacunas vitaminas alimentación canina accesorios y otros elementos necesarios para su sostenimiento y bienestar así como la inspección técnica a instalaciones de las Seccionales Risaralda y Chocó.,34450000,VACUNA,Risaralda,,
451193,CO1.PCCNTR.5666302,2023,CONCENTRADOS EL RANCHO LTDA DROGUERIA VETERINARIA,PARTIDA FIJA DE SOSTENIMIENTO CANINO Y MATERIAL VETERINARIO CANINO VIGENCIA 2023-2024,34321843,FARMACEUTICO_GENERAL,Cundinamarca,,
487943,CO1.PCCNTR.7641608,2025,EXPRESS PETS LA VACA LTDA,ADQUISICIÓN DE INSUMOS VETERINARIOS DE LABORATORIO Y VETERINARIOS COMO JERINGAS SUTURAS CÁNULAS INTRAVENOSAS AGUJAS REACTIVOS ENTRE OTROS PARA MANTENER EL BIENESTAR Y SALUD DE LOS ANIMALES ALBERGADOS Y QUE SON ATENDIDOS POR LA UNIDAD ADMINISTRATIVA ESPECIAL DE PROTECCIÓN ANIMAL,34295289,DISPOSITIVO_MEDICO,Valle del Cauca,,
335263,CO1.PCCNTR.1903432,2020,HENRY ALEXANDER RUBIANO Y/O ALMACÉN AGROPECUARIO DE LA SABANA,Contratar el suministro de alimentos concentrado medicamentos veterinarios y otros elementos esenciales necesarios en la atención externa que no cubre el IDPYBA para los animales registrados en la base de datos pertenecientes al Sistema Distrital de Parques.,34268600,FARMACEUTICO_GENERAL,Distrito Capital de Bogotá,,
475326,CO1.PCCNTR.5865214,2024,PERROS Y GATOS CLINICA VETERINARIA,Servicio de asistencia integral para la Unidad de Soporte Canino de la DPA conformada por siete (7) caninos consistente en proporcionar atención médica veterinaria periódica y de urgencias exámenes de laboratorio suministrar medicamentos vacunas vitaminas alimentación canina accesorios y otros elementos necesarios para su sostenimiento y bienestar así como la inspección técnica a instalaciones de las Seccionales Risaralda y Chocó.,34250000,VACUNA,Risaralda,,
467481,CO1.PCCNTR.6778552,2024,SOLUCIONES AGROPECUARIAS SOSTENIBLES S.A.S,SUMINISTRO DE EQUIPO DE DIAGNOSTICO REPRODUCTIVO VETERINARIO (ECOGRAFO) INSUMOS AGROPECUARIOS Y MEDICAMENTOS VETERINARIOS PARA ESPECIES MAYORES MENORES Y ANIMALES DOMÉSTICOS DEL MUNICIPIO DE SOCOTÁ -BOYACÁ,34192878,FARMACEUTICO_GENERAL,Boyacá,,
401110,21-9-472028,2021,EXPRESS PETS LA VACA LTDA,SUMINISTRO DE MEDICAMENTOS INSUMOS Y ELEMENTOS PARA EL DESARROLLO DE PROYECTOS INTEGRALES DE EXTENSIONISMO RURAL CON TRANSFERENCIA DE TECNOLOGIA E INNOVACION EN EL MUNICIPIO DE BITUIMA  CUNDINAMARCA.,33186867,FARMACEUTICO_GENERAL,Cundinamarca,,
427096,CO1.PCCNTR.3754505,2022,VETERINARIA AGROESPERANZA LTDA,SUMINISTRO DE ALIMENTO CONCENTRADO MATERIAL VETERINARIO Y MEDICAMENTOS CON PRESTACIÓN DE SERVICIOS MÉDICOS VETERINARIOS PARA LOS SEMOVIENTES CANINOS DEL GRUPO SOPORTE CANINO NIVEL NACIONAL GRUPO 3 REGIONAL EJE CAFETERO,32865000,FARMACEUTICO_GENERAL,Distrito Capital de Bogotá,,
458136,23-13-13610272,2023,AGROPECUARIA PEQUE S.A.S,SUMINISTRO DE INSUMOS Y MEDICAMENTOS VETERINARIOS CON DESTINO A LAS DIFERENTES CAMPANAS Y BRIGADAS DE SANIDAD ANIMAL QUE EJECUTA LA UMATA DEL MUNICIPIO DE PEQUE,32480000,FARMACEUTICO_GENERAL,Antioquia,,
455184,23-13-13748751,2023,EPRESS PETS LA VACALTDA,ADQUISICION DE INSUMOS Y MEDICAMENTOS VETERINARIOS PARA LA IMPLEMENTACION DEL PROGRAMA DE MEJORAMIENTO GENETICO BOVINO Y PORCINO Y ASISTENCIA TECNICA EN GRANDES ESPECIES DEL MUNICIPIO DE LA MESA,32480000,FARMACEUTICO_GENERAL,Cundinamarca,,
452033,CO1.PCCNTR.5587709,2023,CONCENTRADOS EL RANCHO LTDA DROGUERIA VETERINARIA,SUMINISTRO DE MATERIAL Y SOSTENIMIENTO VETERINARIO PARA SEMOVIENTES CANINOS CON DESTINO A LAS UNIDADES CENTRALIZADAS POR LA CENAC- IMII,32432327,INSUMO_MEDICO,Cundinamarca,,
452516,23-13-13835441,2023,EXPRESS PETS LA VACA LTDA,ADQUISICION DE INSUMOS MEDICAMENTOS Y ELEMENTOS PARA LOS PROGRAMAS DE BIENESTAR ANIMAL PECUARIOS Y ESTRATEGIA CEVS LIDERADOS POR LA SECRETARIA DE DESARROLLO ECONOMICO AGROPECUARIO Y AMBIENTE DEL MUNICIPIO DE GACHANCIPA,32175790,FARMACEUTICO_GENERAL,Cundinamarca,,
458583,23-13-13594572,2023,PROVEDORA PECUARIA DE COLOMBIA,COMPRAVENTA DE MEDICAMENTOS E INSUMOS PARA LA REALIZACION DE LOS PROGRAMAS DE SANIDAD ANIMAL BIENESTAR ANIMAL Y SEGURIDAD ALIMENTARIA ORIENTADOS POR LA SECRETARIA DE DESARROLLO ECONOMICO AMBIENTAL Y DE TURISMO DEL MUNICIPIO DE BITUIMA-CUNDINAMARCA VIGENCIA 2023,31993831,FARMACEUTICO_GENERAL,Cundinamarca,,
455332,23-13-13740280,2023,EXPRESS PETS LA VACA LTDA,SUMINISTRO DE INSUMOS MEDICAMENTOS Y ELEMENTOS NECESARIOS PARA EL DESARROLLO DE DIFERENTES ACTIVIDADES AGROPECUARIAS DEL MUNICIPIO DE SAN FRANCISCO  CUNDINAMARCA,31946440,FARMACEUTICO_GENERAL,Cundinamarca,,
473793,CO1.PCCNTR.6122814,2024,VETERINARIA MYM SAS,CONTRATAR EL SUMINISTRO DE ALIMENTO CONCENTRADO MATERIAL VETERINARIO MEDICAMENTOS Y PRESTACIÓN DE SERVICIO MÉDICO VETERINARIO PARA EL SOSTENIMIENTO DE LA UNIDAD CANINA DE LA FISCALÍA GENERAL DE LA NACIÓN SECCIONAL NORTE DE SANTANDER.,31887500,FARMACEUTICO_GENERAL,Santander,,
487226,CO1.PCCNTR.7720449,2025,CONCENTRADOS EL RANCHO LTDA DROGUERIA VETERINARIA,SUMINISTRO DE CONCENTRADO E INSUMOS NECESARIOS PARA EL FUNCIONAMIENTO DEL COSO MUNICIPAL A FIN DE GARANTIZAR EL BUEN TRATO Y LAS CONDICIONES DE VIDA DIGNA A LOS ANIMALES QUE ALLÍ RESIDAN ACCIONES ENCAMINADAS AL CUMPLIMIENTO DE LA NORMATIVIDAD VIGENTE EN MATERIA DE PROTECCIÓN DE LOS ANIMALES CALLEJEROS.,31716240,INSUMO_MEDICO,Caldas,,
460824,CO1.PCCNTR.4624668,2023,agropecuaria la granjita,SUMINISTRO DE ANIMALES VIVOS CONCENTRADOS Y MEDICAMENTOS PARA LAS ESPECIES DE LA GRANJA INTEGRAL DEL EPMSC DE MANIZALES.,30647200,FARMACEUTICO_GENERAL,Caldas,,
463237,CO1.PCCNTR.7174404,2024,Proveedora Pecuaria de Colombia SAS,"SUMINISTRO DE MEDICAMENTOS VETERINARIOS COMO APOYO A LOS PROGRAMAS
DE ASISTENCIA TÉCNICA BIENESTAR Y PROTECCIÓN ANIMAL EN LA SECRETARÍA DE
DESARROLLO ECONÓMICO Y RURAL DEL MUNICIPIO DE BOJACÁ CUNDINAMARCA",30117000,FARMACEUTICO_GENERAL,Cundinamarca,,
402081,CO1.PCCNTR.2431342,2021,CONCENTRADOS EL RANCHO LTDA DROGUERIA VETERINARIA,Contratar el suministro de alimento concentrado necesario para el sostenimiento de los semovientes caninos del Complejo Carcelario y Penitenciario con Alta Media y Mínima Seguridad de Bogotá COBOG.,30030000,INSUMO_MEDICO,Distrito Capital de Bogotá,,
442356,22-12-12790459,2022,ASOCIACION PROTECTORA DE ANIMALES DE PUEBLO RICO RISARALDA VIDAS FELICES,PRESTACION DE SERVICIOS DE APOYO A LA GESTION PARA LA ATENCION INTEGRAL DE LOS ANIMALES LLEVADOS AL HOGAR DE PASO ANIMAL DE PUEBLO RICO RISARALDA SEGUN LEY 746 DE 2002 INCLUYENDO EL SUMINISTRO DE ALIMENTACION  Y MEDICAMENTOS REQUERIDOS PARA SU ATENCION,30000000,FARMACEUTICO_GENERAL,Risaralda,,
452317,CO1.PCCNTR.5528031,2023,CLÍNICA VETERINARIA FUNZA SAS,PRESTAR LOS SERVICIOS DE URGENCIAS MÉDICAS VETERINARIAS Y MEDICAMENTOS DESTINADOS A LA ATENCIÓN Y TRATAMIENTO (PREVENTIVO CURATIVO Y DE URGENCIA) DE CARÁCTER INMEDIATO REALIZACIÓN DE ANÁLISIS EXAMENES CIRUGÍAS MENORES MAYORES Y GENERAL HOSPITALIZACIÓN O AISLAMIENTO PARA LA ATENCIÓN MEDICA VETERINARIA PARA ANIMALES ACCIDENTADOS Y ABANDONADOS CON INSTALACIONES ADECUADAS EN EL MUNICIPIO DE MOSQUERA MEDIANTE EL SISTEMA DE MONTO AGOTABLE POR PRECIO UNITARIO.,30000000,FARMACEUTICO_GENERAL,Cundinamarca,,
331162,20-13-11301238,2020,CONCENTRADOS EL RANCHO LTDA DROGUERIA VETERINARIA,ADQUISICION DE INSUMOS NECESARIOS PARA LA REALIZACION DE LAS ACTIVIDADES DEL VIVERO MUNICIPAL Y ALIMENTOS PARA GARANTIZAR EL SERVICIO DEL COSO DE ESPECIES MAYORES,30000000,INSUMO_MEDICO,Cundinamarca,,
478358,CO1.PCCNTR.8698703,2025,CONCENTRADOS EL RANCHO LTDA DROGUERIA VETERINARIA,SUMINISTRAR ALIMENTOS PARA LOS ANIMALES DE GRANJA Y NO CONVENCIONALES BAJO EL CUIDADO DEL INTITUTO DISTRITAL DE PROTECCION Y BIENESTAR ANIMAL,30000000,FARMACEUTICO_GENERAL,Distrito Capital de Bogotá,,
419304,22-12-13428205,2022,ASOCIACION DE GANADEROS Y PRODUCTORES AGROPECUARIOS DE ANAPOIMA - ASOGYG,AUNAR ESFUERZOS CON LA ASOCIACION DE GANADEROS Y PRODUCTORES AGROPECUARIOS DE ANAPOIMA ASOGYG PARA LA COMPRA DE MEDICAMENTOS Y CONTRIBUIR AL FORTALECIMIENTO DE LA IMPLEMENTACION GENETICA EN EL MUNICIPIO DE ANAPOIMA,29999000,FARMACEUTICO_GENERAL,Cundinamarca,,
455842,CO1.PCCNTR.5187275,2023,CONCENTRADOS EL RANCHO LTDA DROGUERIA VETERINARIA,ADQUISICIÓN DE MEDICAMENTOS VETERINARIOS PARA EL DESARROLLO DE LOS PROYECTOS DE LA SECRETARIA DE AMBIENTE MINAS DESARROLLO RURAL Y PROTECCIÓN ANIMAL DE SOACHA.,29968367,FARMACEUTICO_GENERAL,Cundinamarca,,
339151,20-4-11186553,2020,CENTRAL PECUARIA .S.A,COMPRA DE INSUMOS FARMACEUTICOS PARA LA ATENCION EN EL HOSPITAL VETERINARIO DE LA UNIVERSIDAD DEL TOLIMA: CANISAN ADVOCATE CARPRODYL Y OTROS,29862681,FARMACEUTICO_GENERAL,Tolima,,
421656,CO1.PCCNTR.4111272,2022,CONCENTRADOS EL RANCHO LTDA DROGUERIA VETERINARIA,SUMINISTRO DE INSUMOS AGROVETERINARIOS COMO ESTRATEGIA PARA GARANTIZAR ACTIVIDADES DE EXTENSIONISMO RURAL Y GARANTIZAR EL FUNCIONAMIENTO DE LA GRANJA AGRICOLA Y EL VIVERO MUNICIPAL,29848406,INSUMO_MEDICO,Cundinamarca,,
378008,21-4-12353058,2021,RED AGROVETERINARIA S.A.,COMPRA DE MEDICAMENTOS VETERINARIOS PARA EL CONTRATO N° 4600991484-2021 MUNICIPIO DE MEDELLIN-SECRETARIA DE MEDIO AMBIENTE,29440225,FARMACEUTICO_GENERAL,Antioquia,,
346570,CO1.PCCNTR.1628115,2020,CONCENTRADOS EL RANCHO LTDA DROGUERIA VETERINARIA,ADQUISICIÓN DE MATERIAL VETERINARIO Y ELEMENTOS DE SOSTENIMIENTO CANINO PARA LAS UNIDADES (BAMAN BAPOM13 BASPC21 EJEPO REGFE1) CENTRALIZADAS POR LA CENTRAL ADMINISTRATIVA Y CONTABLE PUENTE ARANDA PARA LA VIGENCIA 2020,29154910,FARMACEUTICO_GENERAL,Distrito Capital de Bogotá,,
458602,CO1.PCCNTR.4898132,2023,CONCENTRADOS EL RANCHO LTDA DROGUERIA VETERINARIA,SUMINISTRO DE MEDICAMENTOS E INSUMOS NECESARIOS PARA EL FUNCIONAMIENTO DEL COSO MUNICIPAL A FIN DE GARANTIZAR EL BUEN TRATO Y LAS CONDICIONES DE VIDA DIGNA A LOS ANIMALES QUE ALLÍ RESIDAN ACCIONES ENCAMINADAS AL CUMPLIMIENTO DE LA NORMATIVIDAD VIGENTE EN MATERIA DE PROTECCIÓN DE LOS ANIMALES CALLEJEROS,29118753,FARMACEUTICO_GENERAL,Caldas,,
459497,23-13-13557891,2023,EXPRESS PETS LA VACA LTDA,SUMINISTRO DE MEDICAMENTOS REQUERIDOS PARA LA REALIZACION DE LAS ESTERILIZACIONES CANINAS Y FELINAS Y PRIMERA ATENCION DE ANIMAL EN CONDICION DE CALLE DEL PROGRAMA DE PROTECCION Y BIENESTAR ANIMAL PROTEGIENDO HUELLITAS DEL MUNICIPIO DE TENA  CUNDINAMARCA.,28056402,FARMACEUTICO_GENERAL,Cundinamarca,,
431061,CO1.PCCNTR.3682149,2022,ALMACEN VETERINARIO EL ESTABLO,CONTRATAR LA PRESTACION DE SERVICIOS PARA LA ATENCION Y CUIDADO DE LOS CANINOS FELINOS Y SEMOVIENTES INCLUIDOS EL SUMINISTRO DE MEDICAMENTOS Y ALIMENTOS PARA LOS ANIMALES REMITIDOS POR EL COSO MUNICIPAL CASA AMIGA DE LOS ANIMALES EN EL MUNICIPIO DE EL ESPINAL - TOLIMA,28000000,FARMACEUTICO_GENERAL,Tolima,,
389270,CO1.PCCNTR.2629022,2021,VETERINARIA AGROESPERANZA LTDA,SUMINISTRO DE ALIMENTO CONCENTRADO MATERIAL VETERINARIO Y MEDICAMENTOS CON PRESTACIÓN DE SERVICIOS MÉDICOS VETERINARIOS PARA LOS SEMOVIENTES CANINOS DEL GRUPO SOPORTE CANINO NIVEL NACIONAL GRUPO 3 - REGIONAL EJE CAFETERO,28000000,FARMACEUTICO_GENERAL,Distrito Capital de Bogotá,,
421369,22-13-13333955,2022,EXPRESS PETS LA VACA LTDA,ADQUISICION DE INSUMOS MEDICAMENTOS Y ELEMENTOS PARA LOS PROGRAMAS DE BIENESTAR ANIMAL Y ESTRATEGIA CEVS LIDERADOS POR LA SECRETARIA DE DESARROLLO ECONOMICO AGROPECUARIO Y AMBIENTE DEL MUNICIPIO DE GACHANCIPA,27999972,FARMACEUTICO_GENERAL,Cundinamarca,,
421020,CO1.PCCNTR.4161205,2022,CONCENTRADOS EL RANCHO LTDA DROGUERIA VETERINARIA,Suministrar medicamentos suplementos y elementos de uso veterinario requeridos en el mantenimiento cuidado y atención médico-veterinaria de los animales alojados en el Instituto Nacional de Salud -INS.,27993352,FARMACEUTICO_GENERAL,Distrito Capital de Bogotá,,
419948,22-13-13390629,2022,EXPRESS PETS LA VACA LTDA,COMPRA DE MEDICAMENTOS INSUMOS E IMPLEMENTOS VETERINARIOS CON DESTINO A LOS DIFERENTES PROGRAMAS DIRIGIDOS A LA PROTECCION SANIDAD Y BIENESTAR ANIMAL EN EL MUNICIPIO DE FOMEQUE,27964295,FARMACEUTICO_GENERAL,Cundinamarca,,
480474,CO1.PCCNTR.8434931,2025,Proveedora Pecuaria de Colombia SAS,COMPRA DE INSUMOS MEDICAMENTOS E INSTRUMENTOS PARA LA PREVENCIÓN CONTROL Y ASISTENCIA VETERINARIA EN LA SECRETARIA DE DESARROLLO RURAL Y MEDIO AMBIENTE DEL MUNICIPIO DE MANTA CUNDINAMARCACOMPRA DE INSUMOS MEDICAMENTOS E INSTRUMENTOS PARA LA PREVENCIÓN CONTROL Y ASISTENCIA VETERINARIA EN LA SECRETARIA DE DESARROLLO RURAL Y MEDIO AMBIENTE DEL MUNICIPIO DE MANTA CUNDINAMARCA,27814353,FARMACEUTICO_GENERAL,Cundinamarca,,
435294,22-13-12978775,2022,PROVEEDORA PECUARIA DE COLOMBIA SAS,COMPRAVENTA DE MEDICAMENTOS INSUMOS Y MATERIALES PARA LA EJECUCION DE LOS PROGRAMAS DIRECCIONADOS POR LA SECRETARIA DE DESARROLLO ECONOMICO AMBIENTAL Y DE TURISMO DEL MUNICIPIO DE BITUIMA-CUNDINAMARCA,27794074,FARMACEUTICO_GENERAL,Cundinamarca,,
422158,22-13-13313047,2022,COMERCIALIZACION Y SERVICIOS AGROPECUARIOS DE LA SABANA LTDA  COMERSABANA LTDA,COMPRA DE MEDICAMENTOS E INSUMOS VETERINARIOS A BENEFICIAR A PEQUENOS PRODUCTORES Y ORGANIZACIONES PECUARIAS CON JURISDICCION EN EL MUNICIPIO DE SAN MARCOS DEPARTAMENTO DE SUCRE,27738300,FARMACEUTICO_GENERAL,Sucre,,
350983,CO1.PCCNTR.1522824,2020,CONCENTRADOS EL RANCHO LTDA DROGUERIA VETERINARIA,CONTRATAR EN NOMBRE DE LA NACION - MINISTERIO DE DEFENSA NACIONAL - FUERZA AEREA COLOMBIANA EL SUMINISTRO DE MEDICAMENTOS VETERINARIOS MATERIAL QUIRURGICO Y REACTIVOS DE LABORATORIO CON LA FINALIDAD DE GARANTIZAR LAS NECESIDADES DE DIAGNOSTICO TERAPEUTICAS Y SANITARIAS DE LOS CANINOS DE LA FAC.,27000000,DISPOSITIVO_MEDICO,Distrito Capital de Bogotá,,
486958,CO1.PCCNTR.7735190,2025,CLINICA VETERINARIA DOGTOR PETS SAS,ADQUIRIR LOS SERVICIOS MÉDICOS VETERINARIOS ESPECIALIZADOS RECARGA DE OXIGENO MEDICINAL Y DISPOSICIÓN DE RESIDUOS BIOLÓGICOS Y DE CADAVERES PARA LOS CANINOS DE LA FUERZA AEROESPACIAL COLOMBIANA,26600000,FARMACEUTICO_GENERAL,Cundinamarca,,
443514,22-13-12711086,2022,TECNOLOGIAS AGROPECUARIAS DE COLOMBIA S.A.S,SUMINISTRO Y SERVICIO DE VACUNACION CONTRA ENFERMEDADES CLOSTRIDIALES (CARBON SINTOMATICO) EN EL MUNICIPIO DE CHISCAS- BOYACA,26600000,VACUNA,Boyacá,,
478247,CO1.PCCNTR.8712520,2025,agroveterinaria procampo,"EL SUMINISTRO DE SOSTENIMIENTO ALIMENTACION MEDICAMENTOS Y 
MATERIAL VETERINARIO PARA  22 CANINOS DEL CURSO No 130 y 131 QUE SERÁN INSTRUIDOS EN EL SERCA 
DE LA ESCUELA DE INGENIEROS MILITARES A EJECUTAR EN EL SEGUNDO SEMESTRE DE LA VIGENCIA 2025",26166063,FARMACEUTICO_GENERAL,Distrito Capital de Bogotá,,
331689,20-13-11282252,2020,CONCENTRADOS EL RANCHO LTDA DROGUERIA VETERINARIA,ADQUISICION DE SEMILLAS FRUTALES PLANTAS AROMATICAS Y AGROQUIMICOS CON DESTINO AL FORTALECIMIENTO DE LAS UNIDADES AGRICOLAS PRODUCTIVAS COMO APOYO A LA POLITICA DE SEGURIDAD ALIMENTARIA Y RESPUESTA AL CAMBIO CLIMATICO,26000000,FARMACEUTICO_GENERAL,Cundinamarca,,
385098,21-4-12206080,2021,RED AGROVETERINARIA S.A.,COMPRA DE MEDICAMENTOS PARA EL CONTRATO GOBERNACION DE ANTIOQUIA 4600011932 2021,25993975,FARMACEUTICO_GENERAL,Antioquia,,
381744,CO1.PCCNTR.2795874,2021,CENTRO MEDICO VETERINARIO LA CASA DE LAS MASCOTAS,SUMINISTRO DE MEDICAMENTOS INSUMOS Y MATERIALES PARA LA REALIZACION DE TRATAMIENTOS PREVENTIVOS CURATIVOS Y DE MANEJO MEDICO DE FAUNA SILVESTRE PARA LOS ESPECIMENES INGRESADOS Y ALOJADOS DENTRO DEL HOGAR DE PASO EL PICÓN DE LA CORPORACIÓN AUTONOMA REGIONAL DE LA ORINOQUIA CORPORINOQUIA,25438728,FARMACEUTICO_GENERAL,Casanare,,
373088,21-13-12425582,2021,EXPRESS PETS LA VACA LTDA,SUMINISTRO DE INSUMOS MEDICAMENTOS Y ELEMENTOS PARA LOS PROGRAMAS DE BIENESTAR ANIMAL ESTRATEGIA DE CAPTURA ESTERILIZA VACUNA Y SUELTA ADELANTADOS POR LA SECRETARIA DE DESARROLLO ECONOMICO AGROPECUARIO Y AMBIENTE EN EL MUNICIPIO DE GACHANCIPA CUNDINAMARCA,25416394,VACUNA,Cundinamarca,,
366195,21-13-12564130,2021,DROGUERIA Y VETERINARIA CAMPO ALEGRE J&O,PRESTACION DE SERVICIOS PARA LA COMPRA DE ELEMENTOS QUE GARANTICEN LAS ACTIVIDADES PRODUCTIVAS PECUARIAS DE LOS ADULTOS MAYORES DEL AREA RURAL DEL PROGRAMA CENTRO VIDA DEL MUNICIPIO DE GACHALA CUNDINAMARCA,25407200,FARMACEUTICO_GENERAL,Cundinamarca,,
394405,21-13-11969332,2021,EXPRESS PETS LA VACA LTDA,SUMINISTRO DE MEDICAMENTOS REQUERIDOS PARA EL PROGRAMA  ESTERILIZACION Y PRIMERA ATENCION DE ANIMAL EN CONDICION DE CALLE DEL PROGRAMA DE PROTECCION Y BIENESTAR ANIMAL PROTEGIENDO HUELLITAS DEL MUNICIPIO DE TENA  CUNDINAMARCA.,25383407,FARMACEUTICO_GENERAL,Cundinamarca,,
382996,21-13-12196459,2021,EXPRESS PETS LA VACA,SUMINISTRO DE MEDICAMENTOS E INSUMOS VETERINARIOS PARA NUTRICION Y SANIDAD ANIMAL EN EL MUNICIPIO DE SAN FRANCISCO CUNDINAMARCA,25243670,FARMACEUTICO_GENERAL,Cundinamarca,,
425585,CO1.PCCNTR.3780151,2022,CONCENTRADOS EL RANCHO LTDA DROGUERIA VETERINARIA,SUMINISTRO DE MEDICAMENTOS E INSUMOS NECESARIOS PARA EL FUNCIONAMIENTO DEL COSO MUNICIPAL A FIN DE GARANTIZAR EL BUEN TRATO Y LAS CONDICIONES DE VIDA DIGNA A LOS ANIMALES QUE ALLÍ RESIDAN ACCIONES ENCAMINADAS AL CUMPLIMIENTO DE LA NORMATIVIDAD VIGENTE EN MATERIA DE PROTECCIÓN DE LOS ANIMALES CALLEJEROS.,25179602,FARMACEUTICO_GENERAL,Caldas,,
433294,22-13-13009598,2022,EXPRESS PETS LA VACA LTDA,ADQUISICION DE MEDICAMENTOS VETERINARIOS NECESARIOS PARA EL PROGRAMA PROTEGIENDO HUELLITAS DEL MUNICIPIO DE TENA CUNDINAMARCA.,25095894,FARMACEUTICO_GENERAL,Cundinamarca,,
364819,21-13-12596145,2021,CONCENTRADOS EL RANCHO LTDA DROGUERIA Y VETERINARIA,SUMINISTRO DE MEDICAMENTOS E INSUMOS VETERINARIOS COMO APOYO A LOS PEQUENOS Y MEDIANOS PRODUCTORES DEL MUNICIPIO DE LA VEGA  CUNDINAMARCA CONFORME A LOS LINEAMIENTOS ESTABLECIDOS EN EL PLAN DE DESARROLLO MUNICIPAL 2020-2023,25079660,FARMACEUTICO_GENERAL,Cundinamarca,,
440727,22-13-12758314,2022,AGROPECUARIA SAMANA,SUMINISTRO DE CONCENTRADOS MEDICAMENTOS E INSUMOS PARA GARANTIZAR LA EJECUCION DE LOS PROGRAMAS DE BENEFICIO ANIMAL EN EL COSO MUNICIPAL EN SAMANA CALDAS,25000000,FARMACEUTICO_GENERAL,Caldas,,
485696,CO1.PCCNTR.7864514,2025,ALMACEN AGROPECUARIO DE ANTIOQUIA SAS,5_9101_732 CONTRATAR EL SUMINISTRO DE MEDICAMENTOS E INSUMOS VETERINARIOS PARA LAS ESPECIES MAYORES Y MENORES DEL CENTRO DE LOS RECURSOS NATURALES RENOVABLES LA SALADA,25000000,FARMACEUTICO_GENERAL,Antioquia,,
484272,CO1.PCCNTR.8005264,2025,ANIMAL HEALTH CENTRO VETERINARIO,SUMINISTRO DE MEDICAMENTOS E INSUMOS VETERINARIOS PARA EL DESARROLLO DE LAS JORNADAS ANUALES DE ESTERILIZACIÓN Y ADOPCIÓN DE ANIMALES CANINOS Y FELINOS EN EL MUNICIPIO DE FACATATIVÁ.,25000000,FARMACEUTICO_GENERAL,Cundinamarca,,
407361,21-12-11790700,2021,ASOCIACION PROTECTORA DE ANIMALES DE PUEBLO RICO RISARALDA VIDAS FELICES,PRESTACION DE SERVICIOS DE APOYO A LA GESTION PARA LA ATENCION INTEGRAL DE LOS ANIMALES LLEVADOS AL HOGAR DE PASO ANIMAL DE PUEBLO RICO RISARALDA SEGUN LEY 746 DE 2002 INCLUYENDO EL SUMINISTRO DE ALIMENTACION  Y MEDICAMENTOS REQUERIDOS PARA SU ATENCION,25000000,FARMACEUTICO_GENERAL,Risaralda,,
344112,20-13-10897867,2020,CLINICA VETERINARIA FUNZA S.A.S.,PRESTACION DE SERVICIOS DE APOYO A LA GESTION DE URGENCIAS MEDICAS VETERINARIAS Y MEDICAMENTOS DESTINADOS A LA ATENCION Y TRATAMIENTOS (PREVENTIVOS CURATIVO Y DE URGENCIAS) DE PRIMERA NECESIDAD DE CARACTER INMEDIATO LA REALIZACION DE ANALISIS CIRUGIAS MENORES MAYORES Y GENERAL HOSPITALIZACION O AISLAMIENTO PARA LA ATENCION MEDICA VETERINARIA PARA ANIMALES ACCIDENTADOS Y ABANDONADOS CON INSTALACIONES ADECUADAS EN EL MUNICIPIO DE FUNZA PARA LA VIGENCIA 2020,25000000,FARMACEUTICO_GENERAL,Cundinamarca,,
379458,21-13-12281390,2021,CONCENTRADOS EL RANCHO LTDA DROGUERIA VETERINARIA,SUMINISTRO DE MEDICAMENTOS VETERINARIOS PARA LA CREACION DEL REPOSITORIO DE MEDICAMENTOS PARA LA PRIMERA ASISTENCIA TECNICA AGROPECUARIA INTEGRAL A PEQUENOS Y MEDIANOS PRODUCTORES DEL MUNICIPIO DE MACHETA,25000000,FARMACEUTICO_GENERAL,Cundinamarca,,
369780,21-13-12485192,2021,CONCENTRADOS EL RANCHO LTDA DROGUERIA VETERINARIA,COMPRA DE SEMILLAS E INSUMOS AGROPECUARIOS PARA EL CUMPLIMIENTO DE LOS POAS DE LOS PROGRAMAS DE SANIDAD ANIMAL MEJORAMIENTO GENETICO MEJORAMIENTO DE PRADERAS Y HUERTAS CASERAS.,25000000,INSUMO_MEDICO,Cundinamarca,,
386780,21-13-12134447,2021,CENTRO INTERNACIONAL DE TRAZABILIDAD AGROPECUARIA CITAG S.A.S.,CONTRATAR LA ADQUISICION DE INSUMOS Y MEDICAMENTOS DE USO VETERINARIO QUE PERMITAN EL BUEN DESARROLLO DE LAS RESPECTIVAS JORNADAS DE PREVENCION Y SALUD ANIMAL DESPARASITACION VITAMINIZACION ESTERILIZACION ENTRE OTRAS Y LA ADQUISICION DE CIENTO CUARENTA (140) PAJILLAS DE SEMEN BOVINO PARA DESARROLLAR PROCESOS DE INSEMINACION ARTIFICIAL EN BOVINOS A PEQUENOS PRODUCTORES DEL MUNICIPIO DE LA PALMA,24999050,FARMACEUTICO_GENERAL,Cundinamarca,,
377794,21-13-12343110,2021,ASOCIACION DE PRODUCTORES AGROPECUARIOS DEL ORIENTE COLOMBIANO,PRESTACION DE SERVICIOS PROFESIONALES PARA ADELANTAR CAPACITACION TEORICO PRACTICA SOBRE REGLAMENTACION MANEJO HIDRATACION VACUNACION CONTRA FIEBRE AFTOSA Y RABIA BOVINA SANIDAD EQUINA Y BOVINA APERAJE Y VACUNACION CONTRA ENCEFALITIS - RABIA Y MUESTREO ANEMIA INFECCIOSA EQUINA EN EL MUNICIPIO DE MATANZA,24990000,VACUNA,Santander,,
468360,CO1.PCCNTR.6689644,2024,VETERINARIA AGROESPERANZA LTDA,ADQUISICION DE INSUMOS MEDICAMENTOS VETERINARIOS Y ACCESORIOS PARA CANINOS CACOM-4,24827500,FARMACEUTICO_GENERAL,Tolima,,
343439,CO1.PCCNTR.1721720,2020,CONCENTRADOS EL RANCHO LTDA DROGUERIA VETERINARIA,ADQUIRIR AGROINSUMOS REQUERIDOS PARA EL CUMPLIMIENTO DE LAS ACTIVIDADES MISIONALES A CARGO DEL ÁREA DE AGRICULTURA URBANA DEL JARDÍN BOTÁNICO JOSÉ CELESTINO MUTIS,24578054,INSUMO_MEDICO,Distrito Capital de Bogotá,,
335470,20-13-11161912,2020,AGRO VETERINARIA SERVICAMPO Y CIA LTDA,SUMINISTRO DE MEDICAMENTOS VETERINARIOS Y OTROS INSUMOS PARA LA ATENCION DE LA ASISTENCIA TECNICA Y PROYECTOS AGROPECUARIOS A REALIZAR EN LA SECRETARIA DE AGRICULTURA DESARROLLO ECONOMICO Y AMBIENTE DEL MUNICIPIO DE SIBATE,24578000,FARMACEUTICO_GENERAL,Cundinamarca,,
342426,20-13-10961724,2020,CENTRAL PECUARIA SA,COMPRA DE MEDICAMENTOS E INSUMOS VETERINARIOS PARA REALIZAR ESTERILIZACIONES EN CANINOS Y FELINOS DENTRO DEL DESARROLLO DEL SUBPROGRAMA DE SANIDAD ANIMAL EN EL MUNICIPIO DE RICAURTE  CUNDINAMARCA,24570502,FARMACEUTICO_GENERAL,Cundinamarca,,
348909,20-13-10759057,2020,EXPRESS PETS LA VACA LTDA,CONTRATAR LA COMPRA DE MEDICAMENTOS VETERINARIOS INSUMOS AGRICOLAS Y MATERIAL SEMINAL PARA APOYAR LA GESTION DE LA OFICINA DE EXTENSION AGROPECUARIA DEL MUNICIPIO DE ALBAN CUNDINAMARCA,24568257,FARMACEUTICO_GENERAL,Cundinamarca,,
163689,CO1.PCCNTR.1478533,2025,EXPRESS PETS LA VACA LTDA,COMPRA DE INSUMOS Y MEDICAMENTOS PARA EL CORRECTO FUNCIONAMIENTO DEL ALBERGUE TEMPORAL DE BIENESTAR ANIMAL Y LA PRESTACIÓN DE SERVICIOS MEDICO VETERINARIOS DEL MUNICIPIO DE CAJICÁ.,24549269,,Cundinamarca,,
333744,20-13-11248846,2020,ESTABLECIMIENTO DE COMERCIO ALMACEN VETERINARIO EL ESTABLO,CONTRATAR LA PRESTACION DE SERVICIOS PARA LA ATENCION Y CUIDADO DE LOS SEMOVIENTES CANINOS Y FELINOS INCLUIDOS EL SUMINISTRO DE MEDICAMENTOS Y ALIMENTOS PARA LOS ANIMALES REMITIDOS POR EL COSO MUNICIPAL CASA AMIGA DE LOS ANIMALES EN EL MUNICIPIO DE EL ESPINAL  TOLIMA.,24500000,FARMACEUTICO_GENERAL,Tolima,,
402445,21-13-11835383,2021,ESTABLECIMIENTO DE COMERCIO ALMACEN VETERINARIO EL ESTABLO,CONTRATAR LA PRESTACION DE SERVICIOS PARA LA ATENCION Y CUIDADO DE LOS CANINOS FELINOS Y SEMOVIENTES INCLUIDOS EL SUMINISTRO DE MEDICAMENTOS Y ALIMENTOS PARA LOS ANIMALES REMITIDOS POR EL COSO MUNICIPAL CASA AMIGA DE LOS ANIMALES EN EL MUNICIPIO DE EL ESPINAL  TOLIMA.,24500000,FARMACEUTICO_GENERAL,Tolima,,
354454,20-4-10649933,2020,RED AGROVETERINARIA S.A.,CONTRATO DE SUMINISTRO DE MEDICAMENTOS INSUMOS MEDICOS Y PRODUCTOS VETERINARIOS PARA LA REALIZACION DE TRATAMIENTOS DE LOS ANIMALES A CARGO DEL BIOPARQUE UKUMARI.,24500000,FARMACEUTICO_GENERAL,Risaralda,,
407419,21-13-11763310,2021,TECNOLOGIAS AGROPECUARIAS DE COLOMBIA S.A.S,SUMINISTRO Y SERVICIO DE VACUNACION CONTRA ENFERMEDADES CLOSTRIDIALES (CARBON SINTOMATICO) EN EL MUNICIPIO DE CHISCAS- BOYACA.,24500000,VACUNA,Boyacá,,
335294,20-13-11182690,2020,CONCENTRADOS EL RANCHO LTDA DROGUERIA VETERINARIA,COMPRA DE M|EDICAMENTOS E IMPLEMENTOS VETERINARIOS PARA APOYAR A LOS PEQUENOS PRODUCTORES PECUARIOS DEL MUNICIPIO DE SOPO.,24487692,FARMACEUTICO_GENERAL,Cundinamarca,,
355963,20-13-10492128,2020,AGROVETERINARIA SALGAR LIMITADA,SUMINISTRO  DE INSUMOS AGROPECUARIOS PARA EL DESARROLLO DEL PROGRAMA DE SANIDAD ANIMAL DE MASCOTAS Y COSO MUNICIPAL MEDIANTE LA ADQUISICION DE MEDICAMENTOS DISPOSITIVOS MEDICOS ALIMENTO Y ELEMENTOS TECNICOS PARA DAR CUMPLIMIENTO A LEY 84 DE 1989 LEY 5 DE 1972 LA ORDENANZA 135 DE 2012  LEY 1774 DE 2016  LA LEY 172 DE 2015 Y LA  LEY 1801 DE 2016  CODIGO NACIONAL DE POLICIA EN ESPECIAL LO CONFERIDO EN EL TITULO XIII DE LA RELACION CON LOS ANIMALES CAPITULOS I II Y III.  EN EL MUNICIPIO DE PUERTO SALGAR  CUNDINAMARCA,24481450,DISPOSITIVO_MEDICO,Cundinamarca,,
340993,20-13-11003028,2020,CONCENTRADOS EL RANCHO LTDA DROGUERIA VETERINARIA,COMPRA DE INSUMOS Y HERRAMIENTAS AGROPECUARIAS ENCAMINADOS A FORTALECER LA SEGURIDAD ALIMENTARIA DEL MUNICIPIO DE TENJO,24464184,INSUMO_MEDICO,Cundinamarca,,
329633,20-13-11348852,2020,FUNDACION SOCIAL AMBIENTAL AGROPECUARIA PARA LA SOCIEDAD COLOMBIANA,PRESTACION DE LOS SERVICIOS PARA LA TOMA DE MUESTRAS Y ANALISIS FISICOS QUIMICOS Y MICROBIOLOGICOS DE AGUA POTABLE Y AGUA CRUDA EN LOS ACUEDUCTOS DEL CASCO URBANO Y CENTROS POBLADOS DEL MUNICIPIO DE UBALA.,24056564,FARMACEUTICO_GENERAL,Cundinamarca,,
370746,CO1.PCCNTR.3007510,2021,CONCENTRADOS EL RANCHO LTDA DROGUERIA VETERINARIA,COMPRA DE MEDICAMENTOS E IMPLEMENTOS VETERINARIOS PARA APOYAR LOS PROGRAMAS A CARGO DE LA ALCALDÍA MUNICIPAL DE SOPÓ,23525769,FARMACEUTICO_GENERAL,Cundinamarca,,
427090,CO1.PCCNTR.3754315,2022,VETERINARIA AGROESPERANZA LTDA,SUMINISTRO DE ALIMENTO CONCENTRADO MATERIAL VETERINARIO Y MEDICAMENTOS CON PRESTACIÓN DE SERVICIOS MÉDICOS VETERINARIOS PARA LOS SEMOVIENTES CANINOS DEL GRUPO SOPORTE CANINO NIVEL NACIONAL GRUPO 4 REGIONAL CENTRO SUR,23475000,FARMACEUTICO_GENERAL,Distrito Capital de Bogotá,,
469215,CO1.PCCNTR.6583312,2024,CLINICA VETERINARIA DOGTOR PETS SAS,"SERVICIOS MEDICOS VETERINARIOS ESPECIALIZADOS Y DISPOSICIÓN DE 
RESIDUOS BIOLOGICOS Y DE CADAVERES PARA LOS CANINOS DE LA FAC",23465000,FARMACEUTICO_GENERAL,Distrito Capital de Bogotá,,
482854,CO1.PCCNTR.8141527,2025,EXPRESS PETS LA VACA LTDA,ADQUISICIÓN Y SUMINISTRO DE MEDICAMENTOS Y ALIMENTOS BALANCEADOS PARA LA ATENCIÓN PRIMARIA DE LAS DIFERENTES ESPECIES PERTENECIENTES A LOS PROGRAMAS DE BIENESTAR ANIMAL LIDERADOS POR LA SECRETARIA DE DESARROLLO ECONÓMICO AGROPECUARIO Y AMBIENTE DEL MUNICIPIO DE GACHANCIPÁ,23415864,FARMACEUTICO_GENERAL,Cundinamarca,,
329836,20-13-11349606,2020,CONCENTRADOS EL RANCHO LTDA DROGUERIA VETERINARIA,COMPRA DE APEROS AGRICOLAS PARA SER UTILIZADOS CON LOS TRACTORES DE LA SECRETARIA DE DESARROLLO ECONOMICO Y MEDIO AMBIENTE PARA BENEFICIAR A LOS PRODUCTORES AGRICOLAS Y PECUARIOS DEL MUNICIPIO DE TENJO,23304250,FARMACEUTICO_GENERAL,Cundinamarca,,
338993,20-13-11066818,2020,VETERINARIA AGROESPERANZA LTDA,COMPRA DE MEDICAMENTOS INSUMOS E IMPLEMENTOS VETERINARIOS CON DESTINO AL PROGRAMA DE ESTERILIZACION CANINA Y FELINA DENTRO DE LA JUNTA DEFENSORA DE ANIMALES ALIMENTO CONCENTRADO CON DESTINO A LA MANUTENCION DE LOS CANINOS DEL CENTRO DE BIENESTAR ANIMAL Y EL PROGRAMA DE PROTECCION ANIMAL DEL MUNICIPIO DE FOMEQUE,23263000,FARMACEUTICO_GENERAL,Cundinamarca,,
471374,CO1.PCCNTR.6366844,2024,CONCENTRADOS EL RANCHO LTDA DROGUERIA VETERINARIA,SUMINISTRO DE APEROS CASCOS DE EQUITACIÓN ALIMENTO PRODUCTOS Y SERVICIOS VETERINARIOS PARA EQUINOS DE LA SEDE SOCHAGOTA DEL CLUB MILITAR,23258712,INSUMO_MEDICO,Distrito Capital de Bogotá,,
408039,21-13-11740364,2021,CONCENTRADOS EL RANCHO LTDA DROGUERIA VETERINARIA,SUMINISTRO DE ALIMENTO PARA LOS ANIMALES PRESENTES EN EL CENTRO DE BIENESTAR ANIMAL  COSO MUNICIPAL Y EN LA GRANJA SANTA CRUZ DE LA SECRETARIA DE DESARROLLO ECONOMICO Y MEDIO AMBIENTE.,23224500,INSUMO_MEDICO,Cundinamarca,,
357208,20-13-10425424,2020,CONCENTRADOS EL RANCHO LTDA DROGUERIA VETERINARIA,SUMINISTRO DE MEDICAMENTOS CONCENTRADOS E INSUMOS NECESARIOS PARA EL FUNCIONAMIENTO DEL COSO MUNICIPAL A FIN DE GARANTIZAR EL BUEN TRATO Y LAS CONDICIONES DE VIDA DIGNA A LOS ANIMALES QUE ALLI RESIDAN ACCIONES ENCAMINADAS AL CUMPLIMIENTO DE LA NORMATIVIDAD VIGENTE EN MATERIA DE PROTECCION DE LOS ANIMALES CALLEJEROS.,23161264,FARMACEUTICO_GENERAL,Caldas,,
437316,22-13-12931658,2022,AGROVETERINARIA SUPERCAMPO LM SAS,SUMINISTRO DE MEDICAMENTOS E IMPLEMENTOS PARA LA ASISTENCIA TECNICA DE ESPECIES MENORES DEL MUNICIPIO DE PUERTO WILCHES,23000000,FARMACEUTICO_GENERAL,Santander,,
372114,CO1.PCCNTR.2967736,2021,CONCENTRADOS EL RANCHO LTDA DROGUERIA VETERINARIA,Suministrar medicamentos suplementos y elementos de uso veterinario requeridos en el mantenimiento cuidado y atención médico veterinaria de los animales alojados en el Instituto Nacional de Salud - INS,22611205,FARMACEUTICO_GENERAL,Distrito Capital de Bogotá,,
402939,21-4-11855106,2021,VETERINARIA DEL RANCHO DE LES SAS,SUMINISTRO DE INSUMOS Y MEDICAMENTOS DE VETERINARIA PARA LOS EQUINOS DEL CENTRO INTEGRAL DE REHABILITACION (HIPOTERAPIA) ADSCRITO A LA EMPRESA SOCIAL DEL ESTADO SALUD YOPAL,22460852,FARMACEUTICO_GENERAL,Casanare,,
370071,21-4-12549037,2021,RED AGROVETERINARIA S.A.,COMPRA DE MEDICAMENTOS VETERINARIOS PARA EL PROYECTO GOBERNACION DE ANTIOQUIA 4600011932 2021,21916880,FARMACEUTICO_GENERAL,Antioquia,,
468068,CO1.PCCNTR.6707029,2024,CONCENTRADOS EL RANCHO LTDA DROGUERIA VETERINARIA,SOSTENIMIENTO CANINO Y MATERIAL VETERINARIO PARA LA VIGENCIA 2024,21566444,FARMACEUTICO_GENERAL,Cundinamarca,,
433372,CO1.PCCNTR.3645441,2022,CONCENTRADOS EL RANCHO LTDA DROGUERIA VETERINARIA,Suministrar alimento concentrado para equinos aves conejos y gatos empleados en la producción e investigación de eventos de interés en salud pública de acuerdo con las especificaciones técnicas definidas por el instituto nacional de salud - INS.,21563420,FARMACEUTICO_GENERAL,Distrito Capital de Bogotá,,
371155,CO1.PCCNTR.2998380,2021,CONCENTRADOS EL RANCHO LTDA DROGUERIA VETERINARIA,ADQUISICIÓN DE SEMILLAS Y MATERIAL VEGETAL PARA EL APOYO A LAS ACTIVIDADES AGRÍCOLAS REALIZADAS POR PEQUEÑOS Y MEDIANOS PRODUCTORES DEL MUNICIPIO.,20846750,FARMACEUTICO_GENERAL,Cundinamarca,,
370591,CO1.PCCNTR.3005599,2021,CONCENTRADOS EL RANCHO LTDA DROGUERIA VETERINARIA,SUMINISTRO DE ALIMENTOS Y MATERIAL VETERINARIO PARA EL SOSTENIMIENTO DE CANINOS A CARGO DEL COMANDO EJÉRCITO A EJECUTAR EN LA VIGENCIA FUTURA 2022 Y APALANCAMIENTO 2021.,20688325,INSUMO_MEDICO,Distrito Capital de Bogotá,,
464861,CO1.PCCNTR.7039568,2024,CONCENTRADOS EL RANCHO LTDA DROGUERIA VETERINARIA,SUMINISTRO DE MEDICAMENTOS E INSUMOS NECESARIOS PARA EL FUNCIONAMIENTO DEL COSO MUNICIPAL A FIN DE GARANTIZAR EL BUEN TRATO Y LAS CONDICIONES DE VIDA DIGNA A LOS ANIMALES QUE ALLÍ RESIDAN ACCIONES ENCAMINADAS AL CUMPLIMIENTO DE LA NORMATIVIDAD VIGENTE EN MATERIA DE PROTECCIÓN DE LOS ANIMALES CALLEJEROS,20296000,FARMACEUTICO_GENERAL,Caldas,,
437845,CO1.PCCNTR.3592804,2022,CONCENTRADOS EL RANCHO LTDA DROGUERIA VETERINARIA,SUMINISTRO PARA EL SOSTENIMIENTO DE SEMOVIENTES Y ADQUISICION DE ELEMENTOS PARA EQUINOS Y CANINOS DEL GRUPO REMONTA Y VETERINARIA DE LA ECSAN GRUPO 2 ADQUISICION DE ELEMENTOS PARA EQUINOS Y CANINOS DEL GRUPO REMONTA Y VETERINARIA DE LA ECSAN GRUPO,20125280,INSUMO_MEDICO,Distrito Capital de Bogotá,,
408785,CO1.PCCNTR.1900612,2021,CONCENTRADOS EL RANCHO LTDA DROGUERIA VETERINARIA,COMPRA DE INSUMOS Y MEDICAMENTOS PARA EL ALBERGUE TEMPORAL DE BIENESTAR ANIMAL DEL MUNICIPIO DE CAJICÁ,20085799,FARMACEUTICO_GENERAL,Cundinamarca,,
392888,CO1.PCCNTR.2597922,2021,ALMACEN AGROPECUARIO DE ANTIOQUIA SAS,"SUMINISTRAR
INSUMOS Y MEDICAMENTOS VETERINARIOS PARA ESPECIES EQUINA BOVINA AVÍCOLA
PORCINA CAPRINA OVINA Y CUNÍCOLA DEL CENTRO DE LOS RECURSOS NATURALES
RENOVABLES LA SALADA.",20000000,FARMACEUTICO_GENERAL,Antioquia,,
453453,23-12-13821704,2023,FUNDACION ANIMAL DE RISARALDA,PRESTACION DE SERVICIOS CON EL FIN DE REALIZAR JORNADA DE PROMOCION DE ADOPCION ESTERILIZACION ATENCION MEDICO VETERINARIA Y VACUNACION DE PERROS Y GATOS QUE LO REQUIERAN Y SEAN DECLARADOS EN CONDICION DE ABANDONO EN EL MUNICIPIO DE BELEN DE UMBRIA RISARALDA,20000000,VACUNA,Risaralda,,
330658,CO1.PCCNTR.2010990,2020,Farmavet Farmacia Veterinaria S.A.S,SUMINISTRO DE ALIMENTO BALANCEADO PARA ALBERGUES Y HOGARES DE PASO DE ANIMALES EN CONDICIONES PRECARIAS COMO CAMPAÑA SANITARIA Y DE PROTECCIÓN ANIMAL EN EL DEPARTAMENTO DE RISARALDA,20000000,INSUMO_MEDICO,Risaralda,,
389281,CO1.PCCNTR.2629221,2021,VETERINARIA AGROESPERANZA LTDA,SUMINISTRO DE ALIMENTO CONCENTRADO MATERIAL VETERINARIO Y MEDICAMENTOS CON PRESTACIÓN DE SERVICIOS MÉDICOS VETERINARIOS PARA LOS SEMOVIENTES CANINOS DEL GRUPO SOPORTE CANINO NIVEL NACIONAL GRUPO 4 - REGIONAL CENTRO SUR,20000000,FARMACEUTICO_GENERAL,Distrito Capital de Bogotá,,
436460,22-4-12964435,2022,VETERINARIA EL RANCHO DE LES S.A.S R/L,SUMINISTRO DE INSUMOS Y MEDICAMENTOS DE VETERINARIA PARA LOS EQUINOS DEL CENTRO INTEGRAL DE REHABILITACION (HIPOTERAPIA) ADSCRITO A LA EMPRESA SOCIAL DEL ESTADO SALUD YOPAL,20000000,FARMACEUTICO_GENERAL,Casanare,,
456641,CO1.PCCNTR.5102906,2023,HENRY ALEXANDER RUBIANO Y/O ALMACÉN AGROPECUARIO DE LA SABANA,ADQUIRIR A TÍTULO DE COMPRA MEDICAMENTOS E INSUMOS MÉDICOS DE USO VETERINARIO REQUERIDOS PARA LOS SERVICIOS OFERTADOS POR LA UNIDAD DE BIENESTAR Y FELICIDAD ANIMAL. EN EL DESARROLLO DEL PROYECTO DENOMINADO CONSOLIDACION DE LA AUTORIDAD SANITARIA COMO CUADRANTE DE OPORTUNIDADES EN EL MUNICIPIO DE JAMUNDI,19988130,FARMACEUTICO_GENERAL,Valle del Cauca,,
480650,CO1.PCCNTR.8430113,2025,EXPRESS PETS LA VACA LTDA,ADQUISICIÓN DE MEDICAMENTOS VETERINARIOS E INSUMOS AGROPECUARIOS PARA EL FORTALECIMIENTO DE LOS PROGRAMAS Y PROYECTOS DE LA SECRETARIA DE DESARROLLO ECONOMICO Y TURISTICO DEL MUNICIPIO DE LA MESA CUNDINAMARCA,19985382,FARMACEUTICO_GENERAL,Cundinamarca,,
371480,CO1.PCCNTR.2990328,2021,CONCENTRADOS EL RANCHO LTDA DROGUERIA VETERINARIA,ADQUISICIÓN DE INSUMOS NECESARIOS PARA GARANTIZAR LA TRANSFORMACIÓN DE RESIDUOS ORGANICOS PROCEDENTES DE PSF PLAZA DE MERCADO Y PODAS EN ESPACIO PÚBLICO PARA EL FORTALECIMIENTO DE LOS SISTEMAS PRODUTIVOS AGRÍCOLAS DEL MUNICIPIO,19969186,INSUMO_MEDICO,Cundinamarca,,
377953,21-13-12330357,2021,PROVEEDORA PECUARIA  DE COLOMBIA S.A.S.,"ADQUISICION DE INSUMOS Y MEDICAMENTOS VETERINARIOS PARA LOS
PROGRAMAS DE MEJORAMIENTO GENETICO Y SANIDAD ANIMAL DEL MUNICIPIO DE GUAYABETAL",19500790,FARMACEUTICO_GENERAL,Cundinamarca,,
328210,CO1.PCCNTR.2052302,2020,CONCENTRADOS EL RANCHO LTDA DROGUERIA VETERINARIA,Contratar el servicio médico veterinario para los semovientes caninos asignados a la Dirección de Seguridad (DISEG) del Comando General de las Fuerzas Militares (COGFM) de acuerdo con las especificaciones de la ficha técnica del ANEXO.,19434954,FARMACEUTICO_GENERAL,Distrito Capital de Bogotá,,
369839,21-13-12462416,2021,CONCENTRADOS EL RANCHO LTDA DROGUERIA VETERINARIA,ADQUISICION DE INSUMOS PECUARIOS PARA PROGRAMA DE MEJORAMIENTO GENETICO Y SANIDAD ANIMAL DEL MUNICIPIO DE QUEBRADANEGRA CUNDINAMARCA,19427678,INSUMO_MEDICO,Cundinamarca,,
463453,CO1.PCCNTR.7157012,2024,EXPRESS PETS LA VACA LTDA,ADQUISICION Y SUMINISTRO DE MEDICAMENTOS Y ALIMENTOS BALANCEADOS PARA LA ATENCION PRIMARIA DE LAS DIFERENTES ESPECIES PERTENECIENTES A LOS PROGRAMAS DE BIENESTAR ANIMAL LIDERADOS POR LA SECRETARIA DE DESARROLLO ECONOMICO AGROPECUARIO Y AMBIENTE DEL MUNICPIO DE GACHANCIPA.,19200000,FARMACEUTICO_GENERAL,Cundinamarca,,
429515,22-4-13123361,2022,MI RANCHO AGROVETERINARIA TIMANA,CONTRATO DE COMPRA VENTA DE BULTOS DE CONCENTRADOS MEDICAMENTOS REPUESTOS ACCESORIOS Y HERRAMIENTAS PARA EL MANTENIMIENTO Y SOSTENIMIENTO DE LOS PROYECTOS DE PORCICULTURA AVICULTURA PISCICULTURA Y BOVINOS DE PROPIEDAD DE LA INSTITUCION EL TEJAR DE TIMANA,18999000,FARMACEUTICO_GENERAL,Huila,,
427105,CO1.PCCNTR.3754502,2022,VETERINARIA AGROESPERANZA LTDA,SUMINISTRO DE ALIMENTO CONCENTRADO MATERIAL VETERINARIO Y MEDICAMENTOS CON PRESTACIÓN DE SERVICIOS MÉDICOS VETERINARIOS PARA LOS SEMOVIENTES CANINOS DEL GRUPO SOPORTE CANINO NIVEL NACIONAL GRUPO 1 REGIONAL CARIBE,18780000,FARMACEUTICO_GENERAL,Distrito Capital de Bogotá,,
479202,25-12-14566072,2025,VETERINARIA HUELLITAS PASTO,PRESTACION DE SERVICIOS PAR EL DESARROLLO DE LA JORNADA DE VACUNACION ANTIRRABICA DE FELINOS Y CANINOS PROGRAMAS EN EL MARCO DEL PLAN DE ACCION DE SALUD (PAS) 2025 DENTRO DE LA LINEA OPERATIVA DE CUIDADO DELA SALUD EN CUMPLIMIENTO DE LA RESOLUCIoN 100 DEL 2024 Y 1597 DEL 2025 DE LA SECRETARIA DE SALUD DEL MUNICIPIO DE TANGUA,18779770,VACUNA,Nariño,,
394732,CO1.PCCNTR.2556831,2021,CONCENTRADOS EL RANCHO LTDA DROGUERIA VETERINARIA,ADQUISICIÓN DE INSUMOS Y ELEMENTOS DE ASEO Y DESINFECCION CON DESTINO A LA PLANTA DE SACRIFICIO Y FAENADO DEL MUNICIPIO DE CHÍA.,18653904,INSUMO_MEDICO,Cundinamarca,,
407865,21-13-11737721,2021,SERVICIOS AGROPECUARIOS Y AGROINDUSTRIALES - VALAGRO,SUMINISTRO DE INSUMOS VETERINARIOS Y MATERIAL BIOLOGICO (VACUNAS) PARA EL PRIMER CICLO DE VACUNACION BOVINA CONTRA CARBON SINTOMATICO EN LA JURISDICCION DEL MUNICIPIO DE JUNIN,18636429,VACUNA,Cundinamarca,,
277049,17-13-7401530,2025,EMPRESA COLOMBIANA DEL SECTOR AGROPECUARIO ECOSAGRO LTDA,SUMINISTRO DE INSUMOS AGROPECUARIOS SEGUN FICHA TECNICA  PARA LA EJECUCION DE UN PROYECTO PRODUCTIVO QUE INCENTIVE LA GENERACION DE INGRESOS Y LA SEGURIDAD ALIMENTARIA DE LA POBLACION VICTIMA DEL CONFLICTO ARMADO EN CUMPLIMIENTO DE LAS METAS ESTABLECIDAS EN EL PLAN DE ACCION TERRITORIAL (PAT),18615000,,Boyacá,,
392672,CO1.PCCNTR.2597218,2021,CONCENTRADOS EL RANCHO LTDA DROGUERIA VETERINARIA,LA ADQUISICIÓN DE APEROS CASCOS DE EQUITACIÓN ALIMENTO PRODUCTOS Y SERVICIOS VETERINARIOS PARA EQUINOS DE LA SEDE SOCHAGOTA DEL CLUB MILITAR.,18437225,FARMACEUTICO_GENERAL,Distrito Capital de Bogotá,,
329288,20-13-11353079,2020,ALMACEN VETERINARIO MI CORRAL,COMPRA DE MEDICAMENTOS E INSUMOS VETERINARIOS PARA EL DESARROLLO DE PROGRAMAS DE ASISTENCIA TECNICA AGROPECUARIA UMATA EN EL MUNICIPIO DE EL CARMEN DE BOLIVAR,18080000,FARMACEUTICO_GENERAL,Bolívar,,
398104,21-4-12037183,2021,AGROVETERINARIA VARGAS,COMPRA DE BULTOS DE CONCENTRADOS MEDICAMENTOS MATERIALES Y ELEMENTOS PARA EL NORMAL DESARROLLO DE LOS PROYECTOS PEDAGOGICOS PRODUCTIVOS,18000000,FARMACEUTICO_GENERAL,Huila,,
298642,17-13-7435218,2025,DISTRIBUIDORA DE MAQUINARIA AGRICOLA Y PECUARIA S.A.S,SUMINISTRO DE CUBA DE ENFRIAMIENTO DE LECHE DE 1500 LITROS COMO APOYO A PROYECTO PRODUCTIVO EN EL MUNICIPIO DE OICATA BOYACA,18000000,,Boyacá,,
340099,20-13-11049281,2020,VETERINARIAS LAS HORMIGAS,SUMINISTRO DE MEDICAMENTOS Y/O PRODUCTOS DE USO VETERINARIOS PARA LA EJECUCION DE LOS PROYECTOS RELACIONADOS CON LA PRODUCCION PECUARIA Y ASISTENCIA TECNICA PECUARIA A PEQUENOS Y MEDIANOS PRODUCTORES DEL EL MUNICIPIO DE SAN JOSE DEL PALMAR CHOCO,18000000,FARMACEUTICO_GENERAL,Chocó,,
455994,CO1.PCCNTR.5192001,2023,VETERINARIA AGROESPERANZA LTDA,ADQUISICIÓN INSUMOS MEDICAMENTOS VETERINARIOS Y ACCESORIOS PARA LOS CANINOS PERTENECIENTES AL CACOM-4,17770000,FARMACEUTICO_GENERAL,Tolima,,
327521,CO1.PCCNTR.2076023,2020,VETERINARIA EL RANCHO DE LES SAS,COMPRA-VENTA DE MATERIAL BIOLÓGICO PARA ENCEFALITIS EQUINA VENEZOLANA (CEPA TC83) PARA LA VACUNACIÓN DE 1.000 EJEMPLARES EQUINOS EN EL MUNICIPIO DE YOPAL.,17751642,VACUNA,Casanare,,
387075,21-4-12207450,2021,LABORATORIO MEDICO VETERINARIO LMV S.A.S.,ADQUISICION DE REACTIVOS NECESARIOS PARA LA DETECCION DE ANTICUERPOS QUE SENALEN INMUNIDAD FRENTE AL AGENTE ESPECIFICO SARS COV2 EN ANIMALES DOMESTICOS Y SILVESTRES EN EL MARCO DEL PROYECTO: FORTALECIMIENTO DE CAPACIDADES INSTALADAS DE CIENCIA Y TECNOLOGIA DE LA UNIVERSIDAD DE CORDOBA PARA ATENDER PROBLEMATICAS ASOCIADAS CON AGENTES BIOLOGICOS DE ALTO RIESGO PARA LA SALUD HUMANA EN EL DEPARTAMENTO DE CORDOBA CODIGO BPIN 2020000100090,17676000,DISPOSITIVO_MEDICO,Córdoba,,
419806,22-13-13386404,2022,CONCENTRADOS EL RANCHO LTDA DROGUERIA VETERINARIA,COMPRA DE MAQUINARIA Y EQUIPOS PARA FORTALECER LOS PROGRAMAS DE LA SECRETARIA DE DESARROLLO ECONOMICO Y MEDIO AMBIENTE DEL MUNICIPIO DE TENJO,17587950,FARMACEUTICO_GENERAL,Cundinamarca,,
352147,CO1.PCCNTR.1490149,2020,CONCENTRADOS EL RANCHO LTDA DROGUERIA VETERINARIA,"Suministrar alimento concentrado para animales de granja équidos aves y conejos
de acuerdo con las especificaciones técnicas definidas por el Instituto Nacional de Salud - INS",17554131,FARMACEUTICO_GENERAL,Distrito Capital de Bogotá,,
343359,20-13-10935218,2020,CONCENTRADOS EL RANCHO LTDA DROGUERIA VETERINARIA,SUMINISTRAR INSUMOS PARA EL ASEGURAMIENTO DE LA PRODUCCION DE ALIMENTOS DE ORIGEN PECUARIO DE LA POBLACION DE VILLAGOMEZ CUNDINAMARCA MEDIANTE LA ASISTENCIA SANITARIA ANIMAL Y EL MEJORAMIENTO DE LA EFICIENCIA PRODUCTIVA.,17500911,INSUMO_MEDICO,Cundinamarca,,
428043,22-13-13119532,2022,CONCENTRADOS EL RANCHO LTDA DROGUERIA Y VETERINARIA,SUMINISTRO DE INSUMOS MEDICO-VETERINARIOS Y AGRICOLAS REQUERIDOS PARA EL DESARROLLO DE LOS PROGRAMAS Y PROYECTOS QUE CONTRIBUYEN AL FORTALECIMIENTO DE LAS UNIDADES PRODUCTIVAS AGROPECUARIAS DEL MUNICIPIO DE SUTATAUSA CUNDINAMARCA PARA LA VIGENCIA 2022,17480637,INSUMO_MEDICO,Cundinamarca,,
368401,CO1.PCCNTR.3076916,2021,CONCENTRADOS EL RANCHO LTDA DROGUERIA VETERINARIA,SUMINISTRO DE ALIMENTACION Y MATERIAL VETERINARIO PARA CANINOS CON DESTINO AL BATALLÓN DE INGENIEROS No13 GENERAL ANTONIO BARAYA VIGENCIA 2021 Y VIGENCIA FUTURA 2022,17443932,INSUMO_MEDICO,Distrito Capital de Bogotá,,
402005,21-4-11889384,2021,CENTRAL PECUARIA,SUMINISTRAR PERIODICA Y CONTINUAMENTE ALIMENTO PARA EL SOSTENIMIENTO DE LOS ANIMALES DE LA GRANJA AL IGUAL QUE ENGORDE CRIADORA VACUNAS INSUMOS AGRICOLAS Y OTROS QUE SE REQUIERAN DURANTE LA EJECUCION DEL CONTRATO DE LOS SITIOS DONDE SE ENCUENTRAN UBICADOS PARA LAS ESTACIONES AGRICOLAS SEGUN LO REQUERIDO POR EL DOCENTE ENCARGADO,17427719,VACUNA,Tolima,,
336152,20-13-11157596,2020,ALMACEN AGROPECUARIO DE ANTIOQUIA S.A.S,SUMINISTRO DE MEDICAMENTOS INSUMOS Y EQUIPOS VETERINARIOS NECESARIOS PARA LLEVAR ACABO JORNADAS DE ESTERILIZACION DE CANINOS FELINOS Y DEMAS PROCEDIMIENTOS DE BAJA Y MEDIANA COMPLEJIDAD EN LA ZONA URBANA Y RURAL DEL MUNICIPIO DE ABEJORRAL  ANTIOQUIA,17414650,FARMACEUTICO_GENERAL,Antioquia,,
328971,20-13-11376856,2020,AGRO VETERINARIA DEL TOLIMA S.A.S,SUMINISTRO DE MEDICAMENTOS Y ELEMENTOS DE CIRUGIA PARA LA UNIDAD DE ASISTENCIA TECNICA AGROPECUARIA Y MEDIO AMBIENTE UMATA DEL MUNICIPIO DE ALVARADO TOLIMA,17000000,FARMACEUTICO_GENERAL,Tolima,,
344721,20-13-10875143,2020,PROVEEDORA PECUARIA DE COLOMBIA SAS,ADQUISICION DE MEDICAMENTOS E INSUMOS PARA LOS PROGRAMAS DE SANIDAD ANIMAL MEJORAMIENTO GENETICO Y  PROGRAMAS AGRICOLAS DE LA SECRETARIA DE DESARROLLO ECONOMICO AMBIENTAL Y DE TURISMO DEL MUNICIPIO DE BITUIMA - CUNDINAMARCA,17000000,FARMACEUTICO_GENERAL,Cundinamarca,,
453282,CO1.PCCNTR.5454114,2023,ALMACEN AGROPECUARIO DE ANTIOQUIA SAS,ADQUISICIÓN DE MEDICAMENTOS PARA LA EJECUCION DE LAS ACTIVIDADES EN EL MARCO DEL CONVENIO INTERADMINISTRATIVO N° 1567/23 DESARROLLO DE ACCIONES PARA EL FORTALECIMIENTO DE LA GESTIÓN AMBIENTAL URBANA Y RURAL EN EL DISTRITO DE BARRANCABERMEJA,16944900,FARMACEUTICO_GENERAL,Santander,,
422727,CO1.PCCNTR.3997953,2022,HENRY ALEXANDER RUBIANO Y/O ALMACÉN AGROPECUARIO DE LA SABANA,COMPRA DE MEDICAMENTOS E INSUMOS VETERINARIOS PARA LA IMPLEMENTACIÓN DEL PROGRAMA FOMENTO AL DESARROLLO AGROPECUARIO EN EL MUNICIPIO DE RICAURTE CUNDINAMARCA,16146250,FARMACEUTICO_GENERAL,Cundinamarca,,
456559,CO1.PCCNTR.5153449,2023,CRUZ AZUL VETERINARIA S.A.S.,PRESTACIÓN DE SERVICIOS PROFESIONALES EN SALUD PÚBLICA PARA LA EJECUCIÓN DE LA VACUNACIÓN ANIMAL EN LA ZONA URBANA RURAL Y DE CONURBACIÓN DEL MUNICIPIO DE TURBACO BOLÍVAR.,16000000,VACUNA,Bolívar,,
389274,CO1.PCCNTR.2628923,2021,VETERINARIA AGROESPERANZA LTDA,SUMINISTRO DE ALIMENTO CONCENTRADO MATERIAL VETERINARIO Y MEDICAMENTOS CON PRESTACIÓN DE SERVICIOS MÉDICOS VETERINARIOS PARA LOS SEMOVIENTES CANINOS DEL GRUPO SOPORTE CANINO NIVEL NACIONAL GRUPO 1 -REGIONAL CARIBE,16000000,FARMACEUTICO_GENERAL,Distrito Capital de Bogotá,,
408824,21-13-11723261,2021,TECNOLOGIAS AGROPECUARIAS DE COLOMBIA S.A.S R/L,SUMINISTRO Y SERVICIO DE VACUNACION CONTRA ENFERMEDADES COSTRIDIALES (CARBON SINTOMATICO) Y DESPARASITACION PARA EL CONTROL DE PARASITOS INTERNOS Y EXTERNOS EN BOVINOS EN EL MUNICIPIO DE PANQUEBA BOYACA.,15928000,VACUNA,Boyacá,,
347597,20-4-10898114,2020,DISTRIBUIDORA CASA AGROPECUARIA ZV SAS,"EL CONTRATISTA SE OBLIGA A VENDER Y A ENTREGAR MEDICAMENTOS E
INSUMOS MEDICOS VETERINARIOS NUEVOS Y EN OPTIMO ESTADO A LA
UNIVERSIDAD CONFORME A LA CLAUSULA SEGUNDA DEL PRESENTE
INSTRUMENTO Y A LA COTIZACION PRESENTADA DOCUMENTO INTEGRAL DEL
PRESENTE NEGOCIO JURIDICO.",15898692,FARMACEUTICO_GENERAL,Nariño,,
366199,21-13-12562753,2021,ASOCIACION PARA LA CONSERVACION AMBIENTAL EL DESARROLLO RURAL Y LA EXTENSION AGROPECUARIA PROCAMP,REALIZAR JORNADAS DE VACUNACION A LOS EQUIDOS DEL MUNICIPIO DE MONTERREY PARA FORTALECER EL ESTATUS SANITARIO CONTRA LA ENCEFALITIS EQUINA VENEZOLANA (EEV) INFLUENZA EQUINA (IE) Y TOMA DE MUESTRAS SEROLOGICAS CONTRA LA ANEMIA INFECCIOSA EQUINA (AIE).,15838280,VACUNA,Casanare,,
474423,CO1.PCCNTR.6050894,2024,VETERINARIA AGROESPERANZA LTDA,Prestación del servicio médico veterinario con suministro de alimento concentrado material veterinario y medicamentos para el sostenimiento de la unidad canina de la Fiscalía General de la Nación Seccional Bolívar.,15671295,FARMACEUTICO_GENERAL,Atlántico,,
376935,CO1.PCCNTR.2900547,2021,HENRY ALEXANDER RUBIANO Y/O ALMACÉN AGROPECUARIO DE LA SABANA,COMPRA DE INSUMOS ELEMENTOS Y MEDICAMENTOS VETERINARIOS PARA LA REALIZACIÓN DE JORNADAS DE ESTERILIZACIÓN DESPARASITACIÓN Y VITAMINIZACIÓN DE ANIMALES EN EL MUNICIPIO DE PUERTO LÓPEZ,15501100,FARMACEUTICO_GENERAL,Meta,,
430544,22-4-13081724,2022,ANIMAL DIAGNOSTIC S.A.S,COMPRA DE REACTIVOS PARA EL LABORATORIO DE INMUNODIAGNOSTICO,15337350,DISPOSITIVO_MEDICO,Antioquia,,
419194,CO1.PCCNTR.4328317,2022,VETERINARIA AGROESPERANZA LTDA,SUMINISTRO DE ALIMENTOS CONCENTRADOS SUPLEMENTOS ALIMENTICIOS MEDICAMENTOS Y OTROS SERVICIOS VETERINARIOS,15336200,FARMACEUTICO_GENERAL,Huila,,
474425,CO1.PCCNTR.6051130,2024,VETERINARIA AGROESPERANZA LTDA,Prestación del servicio médico veterinario con suministro de alimento concentrado material veterinario y medicamentos para el sostenimiento de la unidad canina de la Fiscalía General de la Nación Seccional Cesar,15301295,FARMACEUTICO_GENERAL,Atlántico,,
469392,CO1.PCCNTR.6571604,2024,EL MUNDO DEL CAMPO AGRO-VETERINARIA,SUMINISTRO DE INSUMOS Y MEDICAMENTOS PARA LA JORNADA DE DESPARACITACIÓN Y ESTERILIZACIÓN CANINA Y FELINA (MACHOS Y HEMBRAS) A TODO COSTO DEL MES DE JULIO DE 2024 EN EL MUNICIPIO DE SOATÁ BOYACÁ.,15112500,FARMACEUTICO_GENERAL,Boyacá,,
471798,24-13-14055578,2024,EXPRESS PETS LA VACA LTDA,COMPRA  DE MEDICAMENTOS INSUMOS E IMPLEMENTOS  VETERINARIOS  CON DESTINO A LOS  DIFERENTES  PROGRAMAS  DIRIGIDOS A LA PROTECCION SANIDAD Y BIENESTAR ANIMAL  EN EL MUNICIPIO DE FOMEQUE,15061679,FARMACEUTICO_GENERAL,Cundinamarca,,
421452,22-13-13344997,2022,CENTRO AGROPECUARIO EL PENOL,"PRESTAR LOS SERVICIOS PARA DESARROLLAR LAS ACCIONES 
DE PREVENCION DE FACTORES EL RIESGO ASOCIADOS CON 
SALUD AMBIENTAL ZOONOSIS A TRAVES DE LA 
VACUNACION ANTIRRABICA DE CANINOS Y FELINOS EN EL 
MUNICIPIO DE PROVIDENCIA",15000000,VACUNA,Nariño,,
378800,21-13-12287685,2021,CONCENTRADOS EL RANCHO LTDA DROGUERIA VETERINARIA,SUMINISTRO DE INSUMOS AGROPECUARIOS PARA EL DESARROLLO DE PROGRAMAS DEL PLANES OPERATIVOS ANUALES DE LA SECRETARIA DE DESARROLLO ECONOMICO AGROPECUARIO Y AMBIENTAL DE CACHIPAY,15000000,INSUMO_MEDICO,Cundinamarca,,
353732,20-13-10606281,2020,TECNOLOGIAS AGROPECUARIAS DE COLOMBIA S.A.S R/L,SUMINISTRO Y SERVICIO DE VACUNACION CONTRA ENFERMEDADES COSTRIDIALES (CARBON SINTOMATICO) Y DESPARASITACION PARA EL CONTROL DE PARASITOS INTERNOS Y EXTERNOS EN BOVINOS EN EL MUNICIPIO DE PANQUEBA BOYACA,15000000,VACUNA,Boyacá,,
466790,24-12-14194966,2024,VETERINARIA HUELLITAS PASTO,PRESTACIoN DE SERVICIOS PROFESIONALES PARA EL DESARROLLO DE JORNADA DE VACUNACIoN ANTIRRaBICA DE FELINOS Y CANINOS PROGRAMADAS EN EL MARCO DEL PLAN DE INTERVENCIONES COLECTIVAS EN SALUD PuBLICA 2024 DE LA SECRETARIA DE SALUD EN CUMPLIMIENTO DEL ANEXO TECNICO DE LA RESOLUCIoN 518 DE 2015 Y 295 DEL 2023 EN EJECUCIoN DEL PROYECTO DENOMINADO DESARROLLO Y PROMOCIoN DE LA SALUD PuBLICA A TRAVeS DE LA EJECUCIoN DEL PLAN DE ACCIoN EN SALUD 2024 PARA LA CONSOLIDACIoN DEL SERVICIO DE SALUD Y PROTECCIoN SOCIAL CON CALIDAD HUMANA EN EL MUNICIPIO DE TANGUA  NARIÑO,15000000,VACUNA,Nariño,,
369564,CO1.PCCNTR.3045533,2021,CONCENTRADOS EL RANCHO LTDA DROGUERIA VETERINARIA,ADQUISICIÓN DE SILLAS PARA MONTAR SEMOVIENTES EQUINOS ASIGNADOS AL COMANDO AÉREO DE COMBATE No.2,14999712,FARMACEUTICO_GENERAL,Distrito Capital de Bogotá,,
392507,CO1.PCCNTR.2558453,2021,CONCENTRADOS EL RANCHO LTDA DROGUERIA VETERINARIA,"SUMINISTRO DE CONCENTRADO PARA ANIMALES PARA LOS LABORATORIOS DE
LA SUBGERENCIA DE ANÁLISIS Y DIAGNÓSTICO",14931346,INSUMO_MEDICO,Distrito Capital de Bogotá,,
458953,CO1.PCCNTR.4856805,2023,CONCENTRADOS EL RANCHO LTDA DROGUERIA VETERINARIA,SUMINISTRO MATERIAL VETERINARIO Y SOSTENIMIENTO CANINO A EJECUTAR EN LA VIGENCIA 2023,14726605,INSUMO_MEDICO,Cundinamarca,,
365613,CO1.PCCNTR.3111323,2021,CONCENTRADOS EL RANCHO LTDA DROGUERIA VETERINARIA,ADQUISICIÓN DE INSUMOS Y SUMINISTROS PARA LA CELEBRACIÓN DEL DÍA DEL BUEN TRATO ANIMAL,14678608,INSUMO_MEDICO,Cundinamarca,,
453973,CO1.PCCNTR.5379981,2023,AGROPECUARIA CULTYAGRO ZOMAC S.A.S.,SUMINISTRO DE MEDICAMENTOS VETERINARIOS E INSUMOS PARA LA ATENCIÓN DE ANIMALES EN SITUACIÓN VULNERABLES EN EL MUNICIPIO DE CAREPA ANTIOQUIA EN EL MARCO DE LA POLÍTICA PÚBLICA DE BIENESTAR ANIMAL,14674000,FARMACEUTICO_GENERAL,Antioquia,,
428099,CO1.PCCNTR.3734682,2022,ANIMAL GROWTH SAS BIC,SUMINISTRO DE INSUMOS Y PRODUCTOS QUÍMICOS INSECTICIDAS HERBICIDAS MATERIALES REACTIVOS Y OTROS INSUMOS AGRICOLAS PARA EL BATALLÓN DE COMANDO Y APOYO DE INFANTERIA DE MARINA No. 1 Y SUS UNIDADES ADSCRITAS ADMINISTRATIVAMENTE DE CONFORMIDAD CON LAS ESPECIFICACIONES TÉCNICAS DESCRITAS EN ANEXO TÉCNICO DEL PRESENTE ESTUDIO,14369905,DISPOSITIVO_MEDICO,Sucre,,
483209,CO1.PCCNTR.8114329,2025,CONCENTRADOS EL RANCHO LTDA DROGUERIA VETERINARIA,"ADQUISICIÓN DE VACUNAS PARA LOS EQUINOS DEL GMSIL UNIDAD
CENTRALIZADA POR LA CENAC TUNJA",14112000,VACUNA,Boyacá,,
422555,CO1.PCCNTR.4006399,2022,CONCENTRADOS EL RANCHO LTDA DROGUERIA VETERINARIA,COMPRA DE CONCENTRADOS CON EL FIN DE APOYAR EL PROGRAMA DE BUEN TRATO DE LAS MASCOTAS HOGAR DE PASO DENTRO DEL MUNICIPIO.,14001750,FARMACEUTICO_GENERAL,Cundinamarca,,
331519,20-13-11299313,2020,CENTRO AGROPECUARIO EL PENOL,"PRESTAR LOS SERVICIOS PARA DESARROLLAR LAS ACCIONES
DE PREVENCION DE FACTORES EL RIESGO ASOCIADOS EN
SALUD AMBIENTAL ZOONOSIS A TRAVES DE LA
VACUNACION ANTIRRABICA DE CANINOS Y FELINOS E EL
MUNICIPIO DE PROVIDENCIA..",14000000,VACUNA,Nariño,,
432493,CO1.PCCNTR.3659310,2022,CLINICA VETERINARIA DOGTOR PETS SAS,SERVICIOS MÉDICOS VETERINARIOS ESPECIALIZADOS RECARGA DE OXIGENO MEDICINAL Y DISPOSICIÓN DE RESIDUOS BIOLÓGICOS Y DE CADAVERES PARA LOS CANINOS DE LA FUERZA AÉREA COLOMBIANA.,14000000,FARMACEUTICO_GENERAL,Distrito Capital de Bogotá,,
421360,CO1.PCCNTR.4146215,2022,CRUZ AZUL VETERINARIA S.A.S.,PRESTACIÓN DE SERVICIOS PROFESIONALES EN SALUD PÚBLICA PARA LA EJECUCIÓN DE LA VACUNACIÓN ANIMAL EN LA ZONA RURAL Y DE CONURBACIÓN DEL MUNICIPIO DE TURBACO BOLÍVAR.,14000000,VACUNA,Bolívar,,
358014,20-12-10442431,2020,FUNDACION ACCION ANIMAL DE RISARALDA,PRESTACION DE SERVICIOS DE APOYO A LA GESTION PARA LA ATENCION INTEGRAL DE LOS ANIMALES LLEVADOS AL HOGAR DE PASO ANIMAL DE PUEBLO RICO RISARALDA SEGUN LEY 746 DE 2002 INCLUYENDO EL SUMINISTRO DE ALIMENTACION  Y MEDICAMENTOS REQUERIDOS PARA SU ATENCION,14000000,FARMACEUTICO_GENERAL,Risaralda,,
370046,CO1.PCCNTR.3020159,2021,AGROPECUARIA EL CAMPESINO,Adquisición de materiales de formación producción de centro del CAB. (LOTE 7. Medicamentos).,13912700,FARMACEUTICO_GENERAL,Valle del Cauca,,
472929,CO1.PCCNTR.6224107,2024,CONCENTRADOS EL RANCHO LTDA DROGUERIA VETERINARIA,ADQUISICION DE ELEMENTOS PARA EL SOSTENIMIENTO (HERRADURAS CLAVOS ELEMENTOS PARA EQUINOS) DEL GRUPO DE REMONTA Y VETERINARIA DE LA ESCUELA DE CADETES DE POLICÍA GENERAL FRANCISCO DE PAULA SANTANDER,13857000,FARMACEUTICO_GENERAL,Distrito Capital de Bogotá,,
232268,18-4-8391448,2025,ANIMAL DIAGNOSTIC S.A,COMPRA KITS DE CIRCOVIRUS PARA EL LABORATORIO DE INMUNODIAGNOSTICO,13824000,,Antioquia,,
334945,20-4-11410579,2020,RED AGROVETERINARIA S.A,COMPRA DE MEDICAMENTOS VETERINARIOS PARA EL PROGRAMA DE ESTERILIZACION DEL AREA METROPOLITANA DEL VALLE DE ABURRA,13807675,FARMACEUTICO_GENERAL,Antioquia,,
422618,22-13-13300455,2022,ALMACEN AGROPECUARIO DE ANTIOQUIA S.AS,SUMINISTRO DE MEDICAMENTOS E INSUMOS VETERINARIOS PARA LA REALIZACION DE BRIGADAS DE SALUD ANIMAL MEDIANTE LA ESTERILIZACION DE CANINOS Y FELINOS Y MEJORAMIENTO DEL ESTADO SANITARIO DE EQUINOS EN LA ZONA URBANA Y RURAL EN EL MUNICIPIO DE ALEJANDRIA ANTIOQUIA,13752173,FARMACEUTICO_GENERAL,Antioquia,,
329118,20-13-11359949,2020,CONCENTRADOS EL RAQNCHO LTDA DROGUERIA VETERINARIA,ADQUISICION DE SILLAS Y ATALAJES PARA LOS SEMOVIENTES EQUINOS DE LAS AREAS DE CONSERVACION Y MANEJO AMBIENTAL DE LA CORPORACION UTONOMA REGIONAL DEL QUINDIO,13659003,FARMACEUTICO_GENERAL,Quindío,,
342930,20-4-10959871,2020,TODO CAMPO AGROPECUARIO S.A.S,SUMINISTRO DE INSUMOS AGROPECUARIOS PARA LOS PROYECTOS PRODUCTIVOS DE LA INSTITUCION EDUCATIVA RURAL LA CABANA 12 CONCETRADOS INICIO CERDOS X 40 KG 78 CONCETRADO PONEDORAS X 40 KG 1 GLIFOSOL X GALON 1 VACUNA GUMBORO X 1000 DOSIS 1 VACUNA NE.CASTLE B1 X 1000 DOSIS 8 CONCENTRADO POLLO ENGORDE X 40 KG 2 CONCENTRADO TILAPIA AL 38% 200 BOLSA LECHOSO PLATANO 11 KILOS CONEJOS CONCENTRADO38 CONCETRADO CERDO LEVANTE NARANJA X 40 KG 1 SUCLORTRIM 75 SB X 500 GR 1 ATOMIZADOR GRADUAL 6 CONCENTRADO TILAPIA AL 24% X 40 KG 3 CASCARILLA DE ARROZ REGULAR X 50 KG 1 MIEL DE PURGA X 30 KG 1 SAL MIN 8%*40K AGROF 37 CONCENTRADO CERDO FINALIZADOR NARANJA X 40 KG 2 CONCETRADO MOJARRA AL 30 % X 40 KG 1 GALON DE ROUNDOP Y FLETE ENVIO MERCANCIA.,12950000,VACUNA,Caldas,,
460086,CO1.PCCNTR.4711194,2023,CONCENTRADOS EL RANCHO LTDA DROGUERIA VETERINARIA,ADQUISICIÓN DE APEROS CASCOS DE EQUITACIÓN ALIMENTO PRODUCTOS Y SERVICIOS VETERINARIOS PARA EQUINOS DE LA SEDE SOCHAGOTA DEL CLUB MILITAR,12900523,FARMACEUTICO_GENERAL,Distrito Capital de Bogotá,,
392050,CO1.PCCNTR.2612759,2021,EXPRESS PETS LA VACA LTDA,ADQUISICIÓN DE MEDICAMENTOS ELEMENTOS E INSUMOS PARA LA ATENCIÓN DE LA FAUNA EN EL MARCO DE LOS PROCESOS DE BIENESTAR ANIMAL,12650000,FARMACEUTICO_GENERAL,Cundinamarca,,
457293,CO1.PCCNTR.4999432,2023,EXPRESS PETS LA VACA LTDA,"Adquirir los medicamentos y otros insumos veterinarios para la atención y funcionamiento del Centro de promoción y Bienestar Animal del Distrito de Santiago de Cali para la presente
vigencia fiscal 2023.",12557500,FARMACEUTICO_GENERAL,Valle del Cauca,,
370172,21-4-12560548,2021,ASOCIACION DE PRODUCTORES AGRPECUARIOS DEL RESGUARDO INDIGENA DE MOSOCO PAEZ CAUCA,AUNAR ESFUERZOS HUMANOS TECNICOS Y FINANCIEROS ENTRE EL MUNICIPIO DE PAEZ CAUCA Y LA ASOCIACION ASOPRAMOS PARA LA EJECUCION DEL PROYECTO DENOMINADO: CAPACITACION ELABORACION E IMPLEMNETACION DE MEDICAMENTOS A BASE DE PLANTAS MEDICINALES EN EL RESGUARDO INDIGENA DE MOSOCO.,12500000,FARMACEUTICO_GENERAL,Cauca,,
349025,CO1.PCCNTR.1575810,2020,CONCENTRADOS EL RANCHO LTDA DROGUERIA VETERINARIA,ADQUISICIÓN DE ELEMENTOS DE BIOSEGURIDAD Y EQUIPOS PARA LA DESINFECCIÓN DE ESTACIONES Y MEDIOS DE TRANSPORTE PARA LA PROTECCIÓN DEL PERSONAL DE LAS FUERZAS PÚBLICAS ADSCRITAS A LA CIUDAD DE BOGOTÁ MEBOG SIJIN BRIGADA XIII Y FISCALÍA ASÍ COMO ELEMENTOS DE PROTECCIÓN PERSONAL PARA LA SCJ CON EL FIN DE ATENDER Y MITIGAR LA PROPAGACIÓN POR LA PANDEMIA DEL CORONAVIRUS - COVID 19 (Mezcla para desinfección liquido traslucido ligeramente amarillento compuesto de cloruro de vesalconio concentración),12048000,FARMACEUTICO_GENERAL,Distrito Capital de Bogotá,,
444288,22-4-12776214,2022,CENTRAL PECUARIA S.A.,SUMINISTRAR INSUMOS PECUARIOS ELEMENTOS VETERINARIOS MEDICAMENTOS VACUNAS PARA LOS PROYECTOS ACADEMICOS PECUARIOS DE GALLINA PONEDORA POLLOS DE ENGORDEPORCINOS EQUINOS OVINO-CAPRINOS Y GANADERIAS DE LOS CENTROS EXPERIMENTALES ARMERO-LA REFORMA Y EL RECREO DE LA UNIVERSIDAD DEL TOLIMA PARA EL ANO 2022.,12000000,VACUNA,Tolima,,
478150,CO1.PCCNTR.8708652,2025,CONCENTRADOS EL RANCHO LTDA DROGUERIA VETERINARIA,SOSTENIMIENTO CANINO Y MATERIAL VETERINARIO CANINO DE LAS UNIDADES DEL CANTÓN MILITAR BRIGADA ESPECIAL DE COMUNICACIONES EN FACATATIVÁ PARA APALANCAR VIGENCIAS FUTURAS 2025-2026,11917056,FARMACEUTICO_GENERAL,Cundinamarca,,
427540,22-13-13132649,2022,PROVEEDORA PECUARIA DE COLOMBIA S.A.S,CONTRATAR LA COMPRA DE MEDICAMENTOS E INSUMOS VETERINARIOS PARA EL FORTALECIMIENTO DE LA PRESTACION DEL SERVICIO DE EXTENSION AGROPECUARIA EN EL MUNICIPIO DE ALBAN CUNDINAMARCA,11773504,FARMACEUTICO_GENERAL,Cundinamarca,,
484046,CO1.PCCNTR.8014954,2025,CONCENTRADOS EL RANCHO LTDA DROGUERIA VETERINARIA,SOSTENIMIENTO CANINO Y MATERIAL VETERINARIO CANINO DE LAS UNIDADES DEL CANTON MILITAR BRIGADA ESPECIAL DE COMUNICACIONES EN FACATATIVA A EJECUTAR EN LA VIGENCIA 2025,11622954,FARMACEUTICO_GENERAL,Cundinamarca,,
370144,21-13-12477414,2021,CENTRO AGROPECUARIO EL PENOL,PRESTAR LOS SERVICIOS PARA DESARROLLAR LAS ACCIONES DE PREVENCION DE FACTORES EL RIESGO ASOCIADOS CON SALUD AMBIENTAL ZOONOSIS A TRAVES DE LA VACUNACION ANTIRRABICA DE CANINOS Y FELINOS EN EL MUNICIPIO DE PROVIDENCIA.,11470000,VACUNA,Nariño,,
459159,CO1.PCCNTR.4841223,2023,VETERINARIA AGROESPERANZA LTDA,"Contratar el suministro de alimentos medicamentos y la prestación de servicios médicos
veterinarios para los semovientes caninos del grupo soporte canino de la Dirección Seccional 
de Cali Valle del Cauca a precios fijos y monto agotable.",11400000,FARMACEUTICO_GENERAL,Valle del Cauca,,
453416,23-13-13809704,2023,AGROVETERINARIA LOS VALENCIA SAS,SUMINISTRO DE MEDICAMENTOS E INSUMOS VETERINARIOS PARA LA REALIZACION DE BRIGADAS DE SALUD ANIMAL MEDIANTE LA ESTERILIZACION DE CANINOS Y FELINOS EN LA ZONA URBANA Y RURAL EN EL MUNICIPIO DE ALEJANDRIA ANTIOQUIA.,11382231,FARMACEUTICO_GENERAL,Antioquia,,
431982,22-4-13048254,2022,CENTRAL PECUARIA SA,SUMINISTRAR PERIODICA Y CONTINUAMENTE ALIMENTO PARA EL SOSTENIMIENTO DE LOS ANIMALES DE LA GRANJA AL IGUAL QUE ENGORDE CRIADORA VACUNAS INSUMOS Y QUE SE REQUIERAN DURANTE LA EJECUCION DEL CONTRATO DE LOS SITIOS DONDE SE ENCUENTRAN UBICADOS SEGUN LO REQUERIDO POR EL DOCENTE ENCARGADO PARA LA INSTITUCION EDUCATIVA TECNICA AGROPECUARIA MARIANO MELENDRO,11228243,VACUNA,Tolima,,
397828,21-4-12040412,2021,MI RANCHO AGROVETERINARIO TIMANA,COMPRA DE BULTOS DE CONCENTRADOS MEDICAMENTOS MATERIALES Y ELEMENTOS PARA EL NORMAL DESAROLLO DE LOS PROYECTOS PEDAGOGICOS PRODUCTIVOS DE PROPIEDAD DE LA INSTITUCION,11020731,FARMACEUTICO_GENERAL,Huila,,
357665,20-13-10386773,2020,ALMACEN AGROPECUARIO DE ANTIOQUIA S.A.S,ADQUISICION DE MEDICAMENTOS PARA PRESTAR LOS SERVICIOS DE MEDICINA VETERINARIA Y PARA EL PROCEDIMIENTO DE ESTERILIZACIONES DE CALDAS ANTIOQUIA,11000000,FARMACEUTICO_GENERAL,Antioquia,,
339882,20-13-11048915,2020,UNIDAD DE DESARROLLO AGROPECUARIO UDESAP LTDA,COMPRA DE DOSIS E INSUMOS PARA REALIZAR LA JORNADA DE VACUNACION CONTRA EL CARBON SINTOMATICO EN EL MUNICIPIO DE COVARACHIA BOYACA,10578150,VACUNA,Boyacá,,
335584,20-12-11210079,2020,ASOCIACION PROTECORA DE ANIMALES DE PUEBLO RICO RISARALDA VIDAS FELICES,PRESTACION DE SERVICIOS DE APOYO A LA GESTION PARA LA ATENCION INTEGRAL DE LOS ANIMALES LLEVADOS AL HOGAR DE PASO ANIMAL DE PUEBLO RICO RISARALDA SEGUN LEY 746 DE 2002 INCLUYENDO EL SUMINISTRO DE ALIMENTACION  Y MEDICAMENTOS REQUERIDOS PARA SU ATENCION,10500000,FARMACEUTICO_GENERAL,Risaralda,,
435187,CO1.PCCNTR.3634205,2022,CONCENTRADOS EL RANCHO LTDA DROGUERIA VETERINARIA,adquisición de material médico veterinario para los semovientes equinos y caninos del grupo remonta y veterinaria de la Escuela de Cadetes de Policía General Francisco de Paula Santander,10234638,FARMACEUTICO_GENERAL,Distrito Capital de Bogotá,,
483454,CO1.PCCNTR.8087927,2025,CONCENTRADOS EL RANCHO LTDA DROGUERIA VETERINARIA,"ADQUISICIÓN DE BIENES E INSUMOS DE MATERIAL VETERINARIO
PARA EL SOSTENIMIENTO DE LOS CANINOS ORGANICOS DE LAS UNIDADES
CENTRALIZADAS POR EL CENAC PUENTE ARANDA DE LA VIGENCIA 2025",10106184,INSUMO_MEDICO,Distrito Capital de Bogotá,,
419184,22-13-13412401,2022,PROVEEDORA PECUARIA DE COLOMBIA SAS,COMPRAVENTA DE MEDICAMENTOS INSUMOS Y MATERIALES PARA LA EJECUCION DE LOS PROGRAMAS DIRECCIONADOS POR LA SECRETARIA DE DESARROLLO ECONOMICO AMBIENTAL Y DE TURISMO DEL MUNICIPIO DE BITUIMA-CUNDINAMARCA,10020000,FARMACEUTICO_GENERAL,Cundinamarca,,
423341,CO1.PCCNTR.3945689,2022,CLINICA VETERINARIA JUPITER SAS,Prestar los servicios médicos veterinarios incluida la hospitalización y el suministro de medicamentos e insumos veterinarios para los caninos del grupo especial de Búsqueda y Rescate Animal en Emergencias (BRAE) de la U.A.E. Cuerpo Oficial de Bomberos.,10000000,FARMACEUTICO_GENERAL,Distrito Capital de Bogotá,,
364301,21-13-12610127,2021,CONCENTRADOS EL RANCHO LTDA DROGUERIA Y VETERINARIA,COMPRAVENTA DE ELEMENTOS COMO APOYO A LA JUNTA DEFENSORA DE ANIMALES DEL MUNICIPIO DE LA VEGA CUNDINAMARCA CONFORME A LOS LINEAMIENTOS ESTABLECIDOS EN EL PLAN DE DESARROLLO MUNICIPAL 2020-2023,10000000,FARMACEUTICO_GENERAL,Cundinamarca,,
425132,22-4-13121711,2022,DISTRIBUCIONES VETERINARIAS S.A.,"CONTRATAR EL SUMINISTRO DE MEDICAMENTOS DE USO VETERINARIO REQUERIDOS EN LOS PROCESOS MEDICO-QUIRURGICOS Y
ATENCION INTRA-HOSPITALARIA DEL HOSPITAL VETERINARIO DE LA UNIVERSIDAD DE CALDAS.",10000000,FARMACEUTICO_GENERAL,Caldas,,
473708,CO1.PCCNTR.6141219,2024,EL MUNDO DEL CAMPO AGRO-VETERINARIA,ADQUISICIÓN DE INSUMOS Y SUMINISTRO DE MEDICAMENTOS PARA GARANTIZAR LA PRESTACIÓN DE SERVICIOS EN ASISTENCIA TÉCNICA Y PROFESIONAL ATENCIÓN DE URGENCIAS EN ESPECIES MENORES Y ANIMALES DE PRODUCCIÓN DE LA ALCALDÍA DE SOATÁ-BOYACÁ,10000000,FARMACEUTICO_GENERAL,Boyacá,,
338947,20-12-11118805,2020,FUNDACION PROTECTORA DE ANIMALES VITERBO CALDAS,CONVENIO DE ASOCIACION CON UNA ENTIDAD CIVICA U ONG PARA REALIZAR EL SOSTENIMIENTO Y MANTENIMIENTO DEL COSO MUNICIPAL PARA PROVEER ALIMENTO DIETETICO Y NUTRICIONAL PARA PERROS Y GATOS PROVEER LOS ELEMENTOS DE ASEO PARA GARANTIZAR EL SANEAMIENTO DEL COSO MUNICIPAL SUMINISTRAR MEDICAMENTOS REQUERIDOS PARA LOS ANIMALES QUE ESTEN A CARGO DEL COSO MUNICIPAL REALIZAR CIRUGIAS DE ESTERILIZACION MENSUAL PARA HEMBRAS Y MACHOS DE FELINOS Y CANINOS Y SERVICIOS VETERINARIOS POR EVENTOS.,10000000,FARMACEUTICO_GENERAL,Caldas,,
331754,20-13-11299174,2020,ZOOMED S.A.S.,SUMINISTRO DE INSUMOS DE MEDICAMENTOS DE USO VETERINARIO PARA EL MEJORAMIENTO DE LA ASITENCIA TECNICA CON LA ADQUISICION DE EQUIPOS Y MAQUINARIA ENFOCADOS TAMBIEN EN BROTE DE ENFERMEDADES Y BIENESTAR ANIMAL EN EL MUNICIPIO DE EL DOVIO VALLE DEL CAUCA,10000000,FARMACEUTICO_GENERAL,Valle del Cauca,,
467792,24-13-14159411,2024,ASEMEVET HOSPITAL VETERINARIO S.A.S,ADQUISICIoN DE INSUMOS MEDICAMENTOS Y ELEMENTOS VETERINARIOS NECESARIOS PARA LA REALIZACIoN DE PROCEDIMIENTOS DE ESTERILIZACIoN DE CANINOS Y FELINOS EN PROCURA DE LA PROTECCIoN DE LA SALUD PuBLICA EN EL MUNICIPIO DE SOCHA BOYACA,9998550,FARMACEUTICO_GENERAL,Boyacá,,
381708,21-13-12233817,2021,CLINICA VETERINARIA VISION DE COLOMBIA,CONTRATO DE PRESTACION DE SERVICIOS PARA LA REALIZACION DE 123 PROCEDIMIENTOS QUIRURGICOS SECTOR RURAL TRABAJO A DESARROLLAR Y ADQUISICION DE MEDICAMENTOS VETERINARIOS PARA EL FORTALECIMIENTO DE LA JUNTA DEFENSORA DE ANIMALES BAJO EL PROGRAMA DE TENENCIA RESPONSABLE ANIMALES DE COMPANIA EN CUATRO JORNADAS EN CAQUEZA CUNDINAMARCA,9995000,FARMACEUTICO_GENERAL,Cundinamarca,,
385348,CO1.PCCNTR.2729298,2021,CONCENTRADOS EL RANCHO LTDA DROGUERIA VETERINARIA,Contratar la adquisición de materias primas e insumos para los proyectos productivos agropecuarios menores mayores y cultivos del complejo carcelario y penitenciario con alta media y mínima seguridad del Bogotá incluye reclusión especial y justicia y paz COBOG.,9972614,INSUMO_MEDICO,Distrito Capital de Bogotá,,
459529,CO1.PCCNTR.4798123,2023,CLINICA VETERINARIA DOGTOR PETS SAS,ADQUIRIR LOS SERVICIOS MÉDICOS VETERINARIOS ESPECIALIZADOS RECARGA DE OXIGENO MEDICINAL Y DISPOSICIÓN DE RESIDUOS BIOLÓGICOS Y DE CADAVERES PARA LOS CANINOS DE LA FUERZA AÉREA COLOMBIANA.,9958000,FARMACEUTICO_GENERAL,Cundinamarca,,
364496,21-13-12611013,2021,PROVEEDORA PECUARIA DE COLOMBIA SAS,COMPRA DE MEDICAMENTOS VETERINARIOS CON DESTINO A LA PRESTACION DE SERVICIO DE ASISTENCIA TECNICA AGROPECUARIA EN EL MUNICIPIO DE TABIO CUNDINAMARCA,9934946,FARMACEUTICO_GENERAL,Cundinamarca,,
350710,20-4-10709631,2020,CENTRAL PECUARIA S.A,SUMINISTRAR PERIODICA Y CONTINUAMENTE ALIMENTO PARA EL SOSTENIMIENTO DE LOS ANIMALES DE LA GRANJA AL IGUAL QUE ENGORDE CRIADORA VACUNAS INSUMOS AGRICOLAS Y OTROS QUE SE REQUIERAN DURANTE LA EJECUCION DEL CONTRATO DE LOS SITIOS DONDE SE ENCUENTRAN UBICADOS PARA LAS ESTACIONES AGRICOLAS SEGUN LO REQUERIDO POR EL DOCENTE ENCARGADO,9930905,VACUNA,Tolima,,
458771,CO1.PCCNTR.4877221,2023,VETERINARIA AGROESPERANZA LTDA,"Prestación del servicio médico veterinario con suministro de alimento concentrado material veterinario y
medicamentos para el sostenimiento de la unidad canina de la Fiscalía General de la Nación Seccional Cesar.",9775270,FARMACEUTICO_GENERAL,Atlántico,,
458764,CO1.PCCNTR.4877109,2023,VETERINARIA AGROESPERANZA LTDA,Prestación del servicio médico veterinario con suministro de alimento concentrado material veterinario y medicamentos para el sostenimiento de la unidad canina de la Fiscalía General de la Nación Seccional Bolívar.,9720270,FARMACEUTICO_GENERAL,Atlántico,,
368720,CO1.PCCNTR.3070892,2021,agroveterinaria procampo,COMPRA DE MEDICAMENTOS VETERINARIOS E INSUMOS PARA LA ATENCION DE ANIMALES EN SITUACION VULNERABLE EN EL MUNICIPIO DE CAREPA-ANTIOQUIA,9537900,FARMACEUTICO_GENERAL,Antioquia,,
407555,CO1.PCCNTR.2339289,2021,CONCENTRADOS EL RANCHO LTDA DROGUERIA VETERINARIA,ADQUISICIÓN DE PERMETRINA CON DESTINO A LAS INSTALACIONES DEL EJÉRCITO NACIONAL A CARGO DE LA AYUDANTÍA GENERAL DEL COMANDO DEL EJÉRCITO DENTRO DE LA VIGENCIA FISCAL 2021,9486000,FARMACEUTICO_GENERAL,Distrito Capital de Bogotá,,
373661,21-4-12433652,2021,ANIMAL DIAGNOSTIC S.A.S,COMPRA DE REACTIVOS PARA EL LABORATORIO DE INMUNODIAGNOSTICO,9034062,DISPOSITIVO_MEDICO,Antioquia,,
418929,CO1.PCCNTR.4359325,2022,ALMACEN AGROPECUARIO DE ANTIOQUIA SAS,Suministrar los insumos de características específicas para la operatividad de los laboratorios de control biológico de la mosca doméstica en los municipios de Guática y Pereira.,9031499,INSUMO_MEDICO,Risaralda,,
353355,20-4-10636005,2020,MI RANCHO AGROVETERINARIA TIMANA,CONTRATO DE SUMINISTRO NO. 003 DE BULTOS DE CONCENTRADOS MEDICAMENTOS MATERIALES Y ELEMENTOS PARA LOS PROYECTOS PEDAGOGICOS PRODUCTIVOS A BOVINOS PORCINOS PISCICOLA POLLOS DE ENGORDE DE PROPIEDAD DE LA INSTITUCION,8922740,FARMACEUTICO_GENERAL,Huila,,
344760,CO1.PCCNTR.1681721,2020,CONCENTRADOS EL RANCHO LTDA DROGUERIA VETERINARIA,Suministro de alimento concentrado para los semovientes caninos que conforman el Grupo de soporte Canino de la Regional caribe de la Fiscalía General de la Nación.,8436000,INSUMO_MEDICO,Atlántico,,
426383,22-4-13167261,2022,LABORATORIO MEDICO VETERINARIO LMV,COMPRA DE REACTIVOS PARA LA HACIENDA LA MONTANA,8322000,DISPOSITIVO_MEDICO,Antioquia,,
437092,22-4-12979732,2022,LABORATORIO MEDICO VETERINARIO LMV SAS,COMPRA DE REACTIVOS PARA EL LABORATORIO DE INMUNODIAGNOSTICO,8190000,DISPOSITIVO_MEDICO,Antioquia,,
353354,20-4-10644901,2020,AGROVETERINARIA VARGAS,CONTRATO DE SUMINISTRO DE BULTOS DE CONCENTRADOS MEDICAMENTOS ELEMENTOS Y MATERIALES PARA EL PROYECTO PEDAGOGICO PRODUCTIVO DE GALLINAS PONEDORAS,8000000,FARMACEUTICO_GENERAL,Huila,,
373565,21-4-12439266,2021,DISTRIBUCIONES VETERINARIAS S.A,"CONTRATAR EL SUMINISTRO DE MEDICAMENTOS DE USO VETERINARIO REQUERIDOS EN LOS PROCESOS MEDICO QUIRURGICOS
REALIZADOS EN LA CLINICA VETERINARIA DE LA UNIVERSIDAD DE CALDAS.",8000000,FARMACEUTICO_GENERAL,Caldas,,
455280,CO1.PCCNTR.5266951,2023,ALMACEN AGROPECUARIO DE ANTIOQUIA SAS,SUMINISTRO DE INSUMOS MEDICAMENTOS VETERINARIOS ATENCIÓN MEDICA Y SUPLEMENTOS ALIMENTICIOS PARA EL SOSTENIMIENTO DE LOS EQUINOS ADSCRITOS AL INVENTARIO DEL PARQUE NACIONAL NATURAL LOS NEVADOS.,7999799,FARMACEUTICO_GENERAL,Antioquia,,
422755,CO1.PCCNTR.3973935,2022,CONCENTRADOS EL RANCHO LTDA DROGUERIA VETERINARIA,COMPRA DE INSUMOS VETERINARIOS PARA EL FORTALECIMIENTO DEL CENTRO DE BIENESTAR ANIMAL DEL MUNICIPIO DE UBATE.,7978334,INSUMO_MEDICO,Cundinamarca,,
357927,20-4-10570436,2020,CENTRAL PECUARIA SA,SUMINISTRAR INSUMOS PECUARIOS ELEMENTOS VETERINARIOS  MEDICAMENTOS VACUNAS PARA LOS PROYECTOS ACADEMICOS PECUARIOS DE GALLINA PONEDORA POLLOS DE ENGORDE PORCINOS EQUINOS OVINO-CAPRINOS Y GANADERIAS DE LAS GRANJAS ARMERO - LA REFORMA Y EL RECREO DE LA UNIVERSIDAD DEL TOLIMA PARA EL ANO 2020.,7910257,VACUNA,Tolima,,
330098,21-4-11566768,2020,MI RANCHO AGROVETERINARIO TIMANA,CONTRATO DE SUMINISTRO DE CONCENTRADOS Y MEDICAMENTOS PARA LOS PROYECTOS DE PORCICULTURA PISCICULTURA Y BOVINOS DE PROPIEDAD DE LA INSTITUCION,7870900,FARMACEUTICO_GENERAL,Huila,,
347078,CO1.PCCNTR.1621534,2020,CONCENTRADOS EL RANCHO LTDA DROGUERIA VETERINARIA,SUMINISTRO DE ALIMENTO Y PRODUCTOS VETERINARIOS PARA EQUINOS DEL GRUPO DE GESTIÓN CENTRO VACACIONAL SOCHAGOTA DEL CLUB MILITAR,7577475,INSUMO_MEDICO,Distrito Capital de Bogotá,,
392139,21-4-12086138,2021,RED AGROVETERINARIA S.A.,COMPRA DE MEDICAMENTOS VETERINARIOS PARA EL CONTRATO 4600011932 GOBERNACION DE ANTIOQUIA,7572176,FARMACEUTICO_GENERAL,Antioquia,,
419716,CO1.PCCNTR.4275899,2022,HENRY ALEXANDER RUBIANO Y/O ALMACÉN AGROPECUARIO DE LA SABANA,ADQUISICIÓN DE INSUMOS MEDICAMENTOS Y HERRAMIENTAS PARA LA BUENA PRESTACIÓN DEL SERVICIO DE LOS PROGRAMAS DE ASISTENCIA TÉCNICA AGROPECUARIA PISCÍCOLA FORESTAL Y MEDIO AMBIENTE DEL MUNICIPIO DE HONDA,7494897,FARMACEUTICO_GENERAL,Tolima,,
435793,CO1.PCCNTR.3623407,2022,CONCENTRADOS EL RANCHO LTDA DROGUERIA VETERINARIA,ADQUISICIÓN DE PERMETRINA CON DESTINO A LAS INSTALACIONES DEL EJÉRCITO NACIONAL A CARGO DE LA AYUDANTÍA GENERAL DEL COMANDO DEL EJÉRCITO DENTRO DE LA VIGENCIA FISCAL 2022,7338000,FARMACEUTICO_GENERAL,Distrito Capital de Bogotá,,
369622,21-13-12494728,2021,CONCENTRADOS EL RANCHO LTDA DROGUERIA Y VETERINARIA,CONTRATO DE COMPRAVENTA DE INSUMOS Y HERRAMIENTAS PARA EL VIVERO CON LA FINALIDAD DE IMPLEMENTAR LOS PLANES OPERATIVOS ANUALES QUE PERMITAN FORTALECER LA PRODUCTIVIDAD AGRICOLA Y PECUARIA SOSTENIBLE Y SUSTENTABLE EN EL MUNICIPIO DE CARMEN DE CARUPA-CUNDINAMARCA,7300000,INSUMO_MEDICO,Cundinamarca,,
406800,21-13-11764762,2021,FUNDACION PARA LA PREVENCION Y ERRADICACION DE LA ZOONOSIS / FUNDERZOO,SERVICIOS Y SUMINISTROS DE MEDICAMENTOS E INSUMOS VETERINARIOS PARA REALIZAR JORNADA DE ESTERILIZACION PARA CANINOS Y FELINOS MUNICIPIO DE PESCA BOYACA,7000000,FARMACEUTICO_GENERAL,Boyacá,,
329947,20-13-11335653,2020,CONCENTRADOS EL RANCHO LTDA DROGUERIA VETERINARIA,COMPRA DE VACUNA ANTIRRABICA CANINA Y FELINA CON EL FIN DE PREVENIR FACTORES ZOONOTICOS QUE AFECTEN LA SALUD HUMANA COMO GARANTIA DE SALUD PUBLICA EN EL MUNCIPIO DE MADRID,6776640,VACUNA,Cundinamarca,,
457726,CO1.PCCNTR.4966964,2023,CONCENTRADOS EL RANCHO LTDA DROGUERIA VETERINARIA,ADQUISICIÓN DE PERMETRINA CON DESTINO A LAS INSTALACIONES DEL EJÉRCITO NACIONAL A CARGO DE LA AYUDANTÍA GENERAL DEL COMANDO DEL EJÉRCITO DENTRO DE LA VIGENCIA FISCAL 2023,6570000,FARMACEUTICO_GENERAL,Distrito Capital de Bogotá,,
350735,CO1.PCCNTR.1534516,2020,DROGUERIA VETERINARIA LTDA,Contratar el suministro de alimentos material veterinario y el servicio de atención médica veterinaria para los CANINOS del Establecimiento Penitenciario de Mediana Seguridad y carcelario de Cartagena,6564000,INSUMO_MEDICO,Bolívar,,
331150,20-13-11313751,2020,JOSE LUIS BARAJAS MERCHAN / AGROVETERINARIA JL,ADQUISICION DE MEDICAMENTOS VETERINARIOS PARA JORNADA DE ESTERILIZACION CANINA Y FELINA EN EL MUNICIPIO DE CONCEPCION SANTANDER.,6347663,FARMACEUTICO_GENERAL,Santander,,
389290,CO1.PCCNTR.2643220,2021,DROGUERIA VETERINARIA LTDA,Contratar el suministro de alimentos material veterinario y el servicio de atención médica veterinaria para los CANINOS del Establecimiento Penitenciario de Mediana Seguridad y carcelario de Cartagena.,6161634,INSUMO_MEDICO,Bolívar,,
347264,CO1.PCCNTR.1621751,2020,CONCENTRADOS EL RANCHO LTDA DROGUERIA VETERINARIA,Contratar la adquisición de material veterinario (Medicamentos) necesario para el cuidado y sostenimiento de los semovientes caninos del Complejo Carcelario y Penitenciario con Alta Media y Mínima Seguridad de Bogotá (COBOG).,6135171,FARMACEUTICO_GENERAL,Distrito Capital de Bogotá,,
293996,22-13-13071480,2025,FUTURO AGROPECUARIO Y AMBIENTAL DE COLOMBIA EN NUESTRAS MANOS SAS,SUMINISTRO DE INSUMOS PARA EL FORTALECIMIENTO DE LA UNIDAD PRODUCTIVA DE LAS FAMILIAS VICTIMAS DEL CONFLICTO ARMADO RESIDENTES EN EL MUNICIPIO DE IZA,6000000,,Boyacá,,
466284,24-13-14196857,2024,INVERSIONES ZOOGRANJAS S.A.S,SUMINISTRO DE INSUMOS Y MEDICAMENTOS ERQUERIDOS PARA LA CORRECTA ATENCIoN DEL SERVICIO MeDICO VETERINARIO DE LA UMATA EN EL MUNICIPIO DE CARAMANATA ANTIOQUIA DE ACUERDO AL PROYECTO 2024051450024.,6000000,FARMACEUTICO_GENERAL,Antioquia,,
298677,17-13-7138568,2025,AGROPECUARIA TECNICA ESPECIALIZADA S.A.S,SUMINISTRO DE GALLINAS PONEDORAS Y POLLOS DE ENGORDE INSUMOS PARA LA ADECUACION DE GALPONES COMO APOYO Y ATENCION INTEGRAL A FAMILIAS EN CONDICIONES DE DESPLAZAMIENTO QUE HABITAN EN EL MUNICIPIO DE OICATA,5998400,,Boyacá,,
336980,20-4-11402014,2020,RED AGROVETERINARIA S.A.,COMPRA DE MEDICAMENTOS PARA EL PROGRAMA DE ESTERILIZACION DEL MUNICIPIO DE MEDELLIN,5877596,FARMACEUTICO_GENERAL,Antioquia,,
333700,20-4-11412261,2020,LABORATORIO MEDICO VETERINARIO LMV LTDA,COMPRA DE REACTIVOS PARA EL LABORATRIO DE INMUNODIAGNOSSTICO,5760000,DISPOSITIVO_MEDICO,Antioquia,,
369871,CO1.PCCNTR.3032578,2021,CORPORACIÓN PARA EL DESARROLLO AMBIENTAL Y AGROPECUARIO COLOMBIANO - CORPDAGRO,COMPRA DE SUPLEMENTOS ALIMENTICIOS (CONCENTRADOS) ELEMENTOS Y MEDICAMENTOS VETERINARIOS,5591306,FARMACEUTICO_GENERAL,Boyacá,,
441197,22-13-12755855,2022,TECNOLOGIAS AGROPECUARIAS DE COLOMBIA SAS,SUMINISTRO PARA SEGUNDA JORNADA DE VACUNACION CONTRA EL CARBON SINTOMATICOSEPTICEMIA Y EDEMA MALIGNO EN EL MUNICIPIO DE EL COCUY BOYACA.,5500000,VACUNA,Boyacá,,
341511,CO1.PCCNTR.1767110,2020,CONCENTRADOS EL RANCHO LTDA DROGUERIA VETERINARIA,ADQUISICION DE FUMIGADORAS PARA EL PROCESO DE DESINFECCION CON EL FIN DE PREVENIR Y MITIGAR LA PROPAGACIÓN DE LA PANDEMIA CAUSADA POR EL COVID 19 PARA LAS UNIDADES CENTRALIZADAS POR LA CENTRAL ADMINISTRATIVA Y CONTABLE REGIONAL USAQUEN,5486000,FARMACEUTICO_GENERAL,Distrito Capital de Bogotá,,
328975,20-13-11379809,2020,EXPRESS PETS LA VACA LTDA,SUMINISTRO DE MEDICAMENTOS REQUERIDOS PARA INICIAR PUESTA EN MARCHA DEL PROGRAMA DE PROTECCION Y BIENESTAR ANIMAL PROTEGIENDO HUELLITAS E INSUMOS PECUARIOS PARA LA ASISTENCIA TECNICA PROFESIONAL DEL PROGRAMA DE EXTENSION AGROPECUARIA PARA PEQUENOS Y MEDIANOS PRODUCTORES DEL MUNICIPIO DE TENA  CUNDINAMARCA.,5462930,FARMACEUTICO_GENERAL,Cundinamarca,,
366372,CO1.PCCNTR.3096390,2021,HENRY ALEXANDER RUBIANO Y/O ALMACÉN AGROPECUARIO DE LA SABANA,ADQUISICION DE ELEMENTOS PARA LA IMPLEMENTACION DE LA POLITICA PUBLICA DE LA MUJER COMO APOYO DE EMPRENDIMIENTOS Y ADQUISICION DE MEDICAMENTOS NECESARIOS PARA GARANTIZAR EL FUNCIONAMIENTO DE LA JUNTA DEFENSORA DE ANIMALES,5430000,FARMACEUTICO_GENERAL,Cundinamarca,,
411782,21-13-11650239,2021,TECNOLOGIAS AGROPECUARIAS DE COLOMBIA S.A.S,SUMINISTRO DE INSUMOS PARA JORNADA DE VACUNACION CONTRA EL CARBON SINTOMATICO SEPTICEMIA Y EDEMA MALIGNO EN EL MUNICIPIO DE EL COCUY -BOYACA,5377000,VACUNA,Boyacá,,
412286,21-13-11621509,2021,SERVICIOS AGROPECUARIOS Y AMBIENTALES DAVID SAS,SUMINISTRO DE INSUMOS Y VACUNA PARA REALIZAR EL PRIMER CICLO DE VACUNACION CONTRA CARBON SINTOMATICO EN EL GANADO BOVINO EN EL MUNICIPIO DE EL ESPINO ANO 2021,5366460,VACUNA,Boyacá,,
296728,12-13-1262089,2025,CORNETA Y ZOOM Y/O ALEXANDER COMETA AMBITO,SUMINISTRO DE INSTRUMENTOS  Y ACCESORIOS PARA LA BANDA MUSICAL DEL MUNICIPIO DE MUZO BOYACA CON SU RESPECTIVO MANTENIMIENTO PREVENTIVO Y CORRECTIVO,5048000,,Boyacá,,
367388,21-12-12604519,2021,ASOCIACION PROTECTORA DE ANIMALES DE PUEBLO RICO RISARALDA VIDAS FELICES,PRESTACION DE SERVICIOS DE APOYO A LA GESTION PARA LA ATENCION INTEGRAL DE LOS ANIMALES LLEVADOS AL HOGAR DE PASO ANIMAL DE PUEBLO RICO RISARALDA SEGUN LEY 746 DE 2002 INCLUYENDO EL SUMINISTRO DE ALIMENTACION  Y MEDICAMENTOS REQUERIDOS PARA SU ATENCION,5000000,FARMACEUTICO_GENERAL,Risaralda,,
432012,22-13-13042165,2022,FUTURO AGROPECUARIO Y AMBIENTAL DE COLOMBIA,SUMINISTRO DE MEDICAMENTOS Y MATERIALES Y/O INSUMOS NECESARIOS PARA LA REALIZACION DE HISTERECTOMIAS Y OVARISTECTOMIAS RADICALES O CASTRACIONES EN CANINOS O FELINOS MACHOS Y HEMBRAS CON PESO MAXIMO DE 15 KG EN EL MUNICIPIO DE BUENAVISTA BOYACA,5000000,FARMACEUTICO_GENERAL,Boyacá,,
277046,16-13-5572090,2025,ORGANIZACION EMPRESARIAL ZOOTEC SAS,SUMINISTRO DE HERBICIDA CON DESTINO A ACTIVIDADES DE MANTENIMIENTO Y CONTROL DE MALEZA DE LA RED VIAL TERCIARIA DEL MUNICIPIO DE JENESANO DEPARTAMENTO DE BOYACA,5000000,,Boyacá,,
455281,CO1.PCCNTR.5265717,2023,CENTRO AGROPECUARIO EL PEÑOL,SUMINISTRO DE MEDICAMENTOS Y MAIZ ROJO COMO PARTE DEL FORTALECIMIENTO ASOCIATIVO Y ASISTENCIA TECNICA AGROPECUARIA CON ENFOQUE AGROECOLOGICO DIRIGIDA A PEQUEÑOS PRODUCTORES EN EL CORREGIMIENTO DEL VERGEL MUNICIPIO DE LA LLANADA,4988000,FARMACEUTICO_GENERAL,Nariño,,
348734,20-13-10773801,2020,CONCENTRADOS EL RANCHO LTDA DROGUERIA VETERINARIA,COMPRA DE MEDICAMENTOS ALIMENTO PARA ANIMALES E INSUMOS VETERINARIOS DE USO FRECUENTE ALTA ROTACION Y DE EMERGENCIA PARA LA SECRETARIA DESARROLLO ECONOMICO Y AMBIENTE DEL MUNICIPIO DE TENJO  CUNDINAMARCA.,4946363,FARMACEUTICO_GENERAL,Cundinamarca,,
429794,22-13-13083715,2022,CONCENTRADOS EL RANCHO LTDA DROGUERIA VETERINARIA,ADQUISICION DE PRODUCTOS Y MEDICAMENTOS DE USO VETERINARIO PARA EL FORTALECIMIENTO DE LA ASISTENCIA TECNICA PECUARIA EN EL CONTROL Y PREVENCION DE LAS ENFERMEDADES QUE AQUEJEN A LOS ANIMALES Y FORTALECER EL BIENESTAR ANIMAL EN EL MUNICIPIO DE VIOTA,4645882,FARMACEUTICO_GENERAL,Cundinamarca,,
349414,20-13-10718470,2020,CONCENTRADOS EL RANCHO LTDA DROGUERIA VETERINARIA,COMPRA DE INSUMOS Y ELEMENTOS PARA EL FORTALECIMIENTO DE LA AUTORIDAD SANITARIA EN EL AREA DE ZOONOSIS VIGENCIA 2020,4626508,INSUMO_MEDICO,Cundinamarca,,
482243,CO1.PCCNTR.8235698,2025,CONCENTRADOS EL RANCHO LTDA DROGUERIA VETERINARIA,ADQUISICIÓN DE HERRAJES PARA LOS SEMOVIENTES EQUINOS CON DESTINO A LAS UNIDADES CENTRALIZADAS POR LA CENTRAL ADMINISTRATIVA Y CONTABLE REGIONAL PASTO para la vigencia 2025,4461310,FARMACEUTICO_GENERAL,Nariño,,
132630,CO1.PCCNTR.1564474,2025,VETERINARIA MYM SAS,Prestación de servicio médico veterinario con suministro de alimento concentrado material veterinario y medicamentos para el sostenimiento de la unidad canina de la Fiscalía General de la Nación Seccionales Santander y Norte de Santander,4180400,,Santander,,
481497,CO1.PCCNTR.8306380,2025,Asistencia Medica Veterinaria Asimevet SAS,"PA06-3202032-1-031 Suministro de alimentos
medicamentos e insumos veterinarios para los semovientes al
servicio del Parque Nacional Natural los Katíos en los
recorridos de prevención vigilancia y control en el marco de la
conservación de la diversidad de las Áreas Protegidas del SINAP
nacional",4000000,FARMACEUTICO_GENERAL,Antioquia,,
354628,20-13-10566769,2020,CORPORACION PARA EL DESARROLLO AMBIENTAL Y AGROPECUARIO COLOMBIANO CORPDAGRO,SUMINISTRO DE INSUMOS Y VACUNA PARA REALIZAR EL PRIMER CICLO DE VACUNACION CONTRA CARBON SINTOMATICO EN EL GANADO BOVINO EN EL MUNICIPIO DE EL ESPINO ANO 2020,3978700,VACUNA,Boyacá,,
421473,CO1.PCCNTR.4130950,2022,Asistencia Medica Veterinaria Asimevet SAS,Compra de insumos de sostenimiento y medicamentos para los semovientes del Parque Nacional Natural Los Katíos vigencia 2022,3399900,FARMACEUTICO_GENERAL,Antioquia,,
385006,CO1.PCCNTR.2735549,2021,Paola Andrea Ruiz Pedraza - Asistencia Medica Veterinaria ASIMEVET,Compra de insumos de sostenimiento y medicamentos para los semovientes del Parque Nacional Natural Los Katíos.,3296000,FARMACEUTICO_GENERAL,Antioquia,,
453112,23-13-13809472,2023,HOSPITAL MEDICO VETERINARIO C&C SAS,COMPRAVENTA DE VACUNAS Y DESPARASITANTES PARA LA SANIDAD E INOCUIDAD ANIMAL BOVINA Y OVINA EN EL MUNICIPIO DE TOTA BOYACA,3280861,VACUNA,Boyacá,,
453173,CO1.PCCNTR.5458112,2023,Cevet Clinica de especialidades veterinarias y agroservicios mi rancho,Suministro de medicamentos elementos clínicos y pruebas de laboratorio requeridos para la evaluación y atención de la Fauna Silvestre ingresada al Hogar de paso de CORPOURABA.,3084527,FARMACEUTICO_GENERAL,Antioquia,,
393248,21-13-12036658,2021,ASOCIACION AGROPECUARIA PARA EL DESARROLLO DEL CAMPO,PRESTACION DE SERVICIO DE TRANSPORTE DE PERSONAS PARA EL APOYO AL PLAN NACIONAL DE VACUNACION CONTRA EL COVID -19 EN EL MUNICIPIO DE AGUADA SANTANDER,3000000,VACUNA,Santander,,
391320,CO1.PCCNTR.2629762,2021,COMISIONISTAS AGROPECUARIOS S.A.,CONTRATAR EL SUMINISTRO DE MEDICAMENTOS PARA APOYAR LA ATENCIÓN OPORTUNA DE PACIENTES EN LAS UNIDADES DE CUIDADO INTENSIVO E INTERMEDIO DEL DISTRITO CAPITAL TANTO EN LA RED PÚBLICA COMO PRIVADA EN EL MARCO DE LA EMERGENCIA SANITARIA POR COVID 19,2915148,FARMACEUTICO_GENERAL,Distrito Capital de Bogotá,,
225874,20-4-11416258,2025,RED AGROVETERINARIA S.A.,COMPRA DE MEDICAMENTOS PARA LA HACIENDA LA MONTANA,2811114,,Antioquia,,
396788,21-4-12012919,2021,RED AGROVETERINARIA S.A.,COMPRA DE MEDICAMENTOS PARA EL HOSPITAL VETERINARIO,2547881,FARMACEUTICO_GENERAL,Antioquia,,
368949,21-4-12564268,2021,RED AGROVETERINARIA S.A.,COMPRA DE MEDICAMENTOS PARA EL HOSPITAL VETERINARIO,2524627,FARMACEUTICO_GENERAL,Antioquia,,
225829,20-4-11415663,2025,RED AGROVETERINARIA S.A.,COMPRA DE MEDICAMENTOS PARA LA HACIENDA LA CANDELARIA Y VEGAS DE LA CLARA,2454825,,Antioquia,,
369700,21-13-12506123,2021,EXPRESS PETS LA VACA LTDA,CONTRATAR LA COMPRA DE MEDICAMENTOS E INSUMOS VETERINARIOS PARA EL PROGRAMA DE ASISTENCIA TECNICA EN EL MUNICIPIO DE ALBAN CUNDINAMARCA,2089738,FARMACEUTICO_GENERAL,Cundinamarca,,
225896,19-4-8896544,2025,RED AGROVETERINARIA S.A.,COMPRA DE MEDICAMENTOS PARA LA HACIENDA LA MONTANA - VIRUKILL X 20 LITROS (3),2055714,,Antioquia,,
423251,22-13-13274859,2022,MARTHA ISABEL RAMIREZ ARTEAGA -  ZOOGENES REPRODUCCION ANIMAL,SUMINISTRO DE MEDICAMENTOS VETERINARIOS E INSUMOS CON DESTINO A JORNADA DE ESTERILIZACION MASIVA DE CANINOS Y FELINOS A REALIZARSE EN EL MUNICIPIO DE POTOSI  NARINO.,2000000,FARMACEUTICO_GENERAL,Nariño,,
339565,20-13-11051584,2020,VETERINARIA LAS HORMIGAS,ADQUISICION A TITULO DE COMPRAVENTA DE SEMILLAS MEDICAMENTOS E INSUMOS VETERINARIOS PARA APOYAR LOS PROGRAMAS DE SEGURIDAD ALIMENTARIA Y ASISTENCIA TECNICA AGROPECUARIA EN EL MUNICIPIO DE EL AGUILA VALLE DEL CAUCA.,2000000,FARMACEUTICO_GENERAL,Valle del Cauca,,
225875,21-4-11722110,2025,RED AGROVETERINARIA S.A.,COMPRA DE MEDICAMENTOS PARA LA HACIENDA LA MONTANA,1752699,,Antioquia,,
427424,22-4-13145640,2022,RED AGROVETERINARIA S.A.,COMPRA DE MEDICAMENTOS NECESARIAS PARA EL DESARROLLO DE LAS ACTIVIDADES DE LA HACIENDA LA MONTANA Y VEGAS DE LA CLARA,1606038,FARMACEUTICO_GENERAL,Antioquia,,
225836,21-4-12562529,2025,RED AGROVETERINARIA S.A.,COMPRA DE MEDICAMENTOS PARA LA HACIENDA LA MONTANA,1540495,,Antioquia,,
382919,21-4-12245446,2021,RED AGROVETERINARIA S.A.,COMPRA DE MEDICAMENTOS PARA EL HOSPITAL VETERINARIO,1475460,FARMACEUTICO_GENERAL,Antioquia,,
386763,CO1.PCCNTR.2711571,2021,VETERINARIA LAS HORMIGAS,ATENCION VETERINARIA Y MEDICAMENTOS PARA CANINOS,1376178,FARMACEUTICO_GENERAL,Valle del Cauca,,
368271,21-4-12617675,2021,AGROVETERINARIA VARGAS,COMPRA DE MEDICAMENTOS PARA EL NORMAL DESARROLLO DE LOS PROYECTOS PEDAGOGICOS PRODUCTIVOS.,1348000,FARMACEUTICO_GENERAL,Huila,,
225868,20-4-11414370,2025,RED AGROVETERINARIA S.A.,COMPRA DE MEDICAMENTOS PARA LA HACIENDA LA MONTANA,1347249,,Antioquia,,
340269,20-4-11051117,2020,VETERINARIA EL RODEO,COMPRA DE ALIMENTOS CONCENTRADOS Y MEDICAMENTOS DE USO VETERINARIO PARA EL SOSTENIMIENTO DE SEMOVIENTES DE LA GRANJA ZUNIGA PERTENECIENTES A LOS PROYECTOS DE CUNICULTURA Y PORCICULTURA,1246350,FARMACEUTICO_GENERAL,Valle del Cauca,,
225880,21-4-11922545,2025,RED AGROVETERINARIA S.A.,COMPRA DE MEDICAMENTOS PARA LA HACIENDA LA MONTANA,1232592,,Antioquia,,
225898,20-4-11072850,2025,RED AGROVETERINARIA S.A.,COMPRA DE MEDICAMENTOS PARA LA HACIENDA LA MONTANA Y VEGAS DE LA CLARA,1132670,,Antioquia,,
347712,20-4-10846464,2020,RED AGROVETERINARIA S.A.,COMPRA DE MEDICAMENTOS PARA EL HOSPITAL VETERINARIO,1100366,FARMACEUTICO_GENERAL,Antioquia,,
225920,20-4-11072753,2025,RED AGROVETERINARIA S.A.,COMPRA DE MEDICAMENTOS PARA LAS JORANDAS DEL MUNICIPIO DE MEDELLIN CONTRATO N° 4600079748 DE 2020,1094739,,Antioquia,,
225887,21-4-12144806,2025,RED AGROVETERINARIA S.A.,COMPRA DE MEDICAMENTOS PARA LA HACIENDA LA MONTANA,1086202,,Antioquia,,
356742,20-4-10581295,2020,RED AGROVETERINARIA S.A.,COMPRA DE MEDICAMENTOS PARA EL PROGRAMA DE ESTERIIZACION DEL MUNICIPIO DE MEDELLIN CONTRATO 4600084492,1046819,FARMACEUTICO_GENERAL,Antioquia,,
225884,21-4-12054859,2025,RED AGROVETERINARIA S.A.,COMPRA DE MEDICAMENTOS PARA LA HACIENDA LA MONTANA,1014798,,Antioquia,,
405138,21-13-11806859,2021,ALMACEN AGROPECUARIO DE ANTIOQUIA S.A.S,SUMINISTRO DE INSUMOS AGROPECUARIOS MEDICAMENTOS Y MATERIALES DE USO VETERINARIO PARA EL DESARROLLO DE BRIGADAS ENFOCADAS A LA SANIDAD Y BIENESTAR ANIMAL; TALES COMO: VACUNACION VITAMINIZACION Y DESPARASITACION DE EQUINOS EN LA ZONA RURAL Y URBANA DEL MUNICIPIO DE SANTA BARBARA ANTIOQUIA.,1000000,VACUNA,Antioquia,,
225832,20-4-10846750,2025,RED AGROVETERINARIA S.A.,COMPRA DE MEDICAMENTOS PARA LA HACIENDA LA CANDELARIA VEGAS DE LA CLARA Y LA MONTANA,993172,,Antioquia,,
435776,22-4-13003403,2022,AGRIVETERINARIA LA TALANQUERA DE VILLAPINZON LTDA,COMPRA Y SUMINISTRO DE ROUNDUP SIETE BULTOS DE CONCENTRADO X 30 KILOS MEDICAMENTOS Y VACUNAS PARA LOS PERROS DE LA INSTITUCION EDUCATIVA DEPARTAMENTAL ESCUELA NORMAL SUPERIOR MARIA AUXILIADORA DE VILLAPINZON.,990200,VACUNA,Cundinamarca,,
225928,19-4-9852995,2025,RED AGROVETERINARIA S.A.,COMPRA DE MEDICAMENTOS PARA LOS PROGRAMA DE ESTERILIZACION DEL AREA METROPOLITANA DEL VALLE DE ABURRA CONTRATO 534 DE 2019 Y EL MUNICIPIO DE MEDELLIN CONTRATO 4600079748 DE 2019,915037,,Antioquia,,
225865,20-4-10733986,2025,RED AGROVETERINARIA S.A.,COMPRA DE MEDICAMENTOS PARA LA HACIENDA LA MONTANA,894891,,Antioquia,,
225878,21-4-11879579,2025,RED AGROVETERINARIA S.A.,COMPRA DE MEDICAMENTOS PARA LA HACIENDA LA MONTANA,865386,,Antioquia,,
225867,20-4-11409899,2025,RED AGROVETERINARIA S.A.,COMPRA DE MEDICAMENTOS PARA LA HACIENDA LA MONTANA,822682,,Antioquia,,
347690,20-4-10839127,2020,RED AGROVETERINARIA S.A.,COMPRA DE MEDICAMENTOS PARA EL AREA METROPOLITANA DEL VALLE DE ABURRA CONTRATO N° 415 DE 2020,733222,FARMACEUTICO_GENERAL,Antioquia,,
424794,22-4-13208735,2022,RED AGROVETERINARIA S.A.,COMPRA DE MEDICAMENTOS PARA EL HOSPITAL VETERINARIO,626664,FARMACEUTICO_GENERAL,Antioquia,,
225843,22-4-13081363,2025,RED AGROVETERINARIA S.A.,COMPRA DE MEDICAMENTOS PARA LA HACIENDA LA MONTANA,564682,,Antioquia,,
340258,20-4-11310986,2020,RED AGROVETERINARIA S.A.,COMPRA DE MEDICAMENTOS PARA EL PROGRAMA DE ESTERILZIACON DEL AREA METROPOLITANA DEL VALLE DE ABURRA,527799,FARMACEUTICO_GENERAL,Antioquia,,
357901,20-4-10533703,2020,AGROPECUARIA EL RIEGO S.A.S,COMPRA DE REACTIVOS PARA EL LABORATORIO DE MICROBIOLOGIA,520000,DISPOSITIVO_MEDICO,Antioquia,,
429467,22-4-13106056,2022,RED AGROVETERINARIA S.A.,COMPRA DE MEDICAMENTOS VETERINARIOS PARA EL HOSPITAL VETERINARIO,508720,FARMACEUTICO_GENERAL,Antioquia,,
233631,20-4-10545549,2025,AGROPECUARIA EL RIEGO S.A.S,CON EL FIN DE GARANTIZAR EL BUEN DESARROLLO DE LAS ACTIVIDADES CONTEMPLADAS DENTRO DEL PROYECTO PORTACION NASOFARINGEA DE STREPTOCOCCUS... ES NECESARIO LA COMPRA DE INSUMO PARA PREPARACION DE MEDIO DE CULTIVOS MICROBIOLOGICOS.,480000,,Antioquia,,
396761,21-4-12013429,2021,RED AGROVETERINARIA S.A.,COMPRA DE MEDICAMENTOS PARA EL CURSO DE MEDICINA VETERINARIA PRINCIPIOS BASICOS DE CIRGUIA.,463457,FARMACEUTICO_GENERAL,Antioquia,,
225814,22-4-13128366,2025,RED AGROVETERINARIA S.A.,COMPRA DE MEDICAMENTOS PARA LA HACIENDA LA CANDELARIA,462899,,Antioquia,,
225827,20-4-11414274,2025,RED AGROVETERINARIA S.A.,COMPRA DE MEDICAMENTOS PARA LA HACIENDA LA CANDELARIA Y VEGAS DE LA CLARA,413003,,Antioquia,,
225890,21-4-12310645,2025,RED AGROVETERINARIA S.A.,COMPRA DE MEDICAMENTOS PARA LA HACIENDA LA MONTANA,352537,,Antioquia,,
225893,21-4-12586667,2025,RED AGROVETERINARIA S.A.,COMPRA DE MEDICAMENTOS PARA LA HACIENDA LA MONTANA,290871,,Antioquia,,
225861,19-4-10232469,2025,FERIAGRO AGROPECUARIA SAS,COMPRA DE MEDICAMENTOS PARA LA HACIENDA LA MONTANA,223000,,Antioquia,,
354735,20-4-10599186,2020,DISTRIBUCIONES VETERINARIAS SA,COMPRA DE INSUMOS Y REACTIVOS INDISPENSABLES PARA LAS ACTIVIDADES ACADEMICAS E INVESTIGATIVAS DEL BECARIO DE COLCIENCIAS LILY JOHANNA TORO DEL DOCTORADO EN CIENCIAS BIOMEDICAS DE LA UNIVERSIDAD DEL QUINDIO.,205800,DISPOSITIVO_MEDICO,Quindío,,
382623,21-4-12251473,2021,ZOOPETS COL S.A.S,COMPRA DE MEDICAMENTOS PARA EL CONTRATO GOBERNACION DE ANTIOQUIA 4600011932 2021,193640,FARMACEUTICO_GENERAL,Antioquia,,
382152,21-4-12263729,2021,ZOOPETS COL S.A.S,COMPRA DE MEDICAMENTO PARA EL HOSPITAL VETERINARIO,193640,FARMACEUTICO_GENERAL,Antioquia,,
378716,21-4-12339204,2021,ZOOPETS COL S.A.S,COMPRA DE MEDICAMENTO PARA EL CONTRATO GOBERNACION DE ANTIOQUIA 4600011932 2021,193640,FARMACEUTICO_GENERAL,Antioquia,,
369675,21-4-12549138,2021,ZOOPETS COL S.A.S,COMPRA DE MEDICAMENTOS VETERINARIOS PARA EL PROYECTO GOBERNACION DE ANTIOQUIA 4600011932 2021,193640,FARMACEUTICO_GENERAL,Antioquia,,
225840,22-4-13048538,2025,RED AGROVETERINARIA S.A.,COMPRA DE MEDICAMENTOS PARA LA HACIENDA LA MONTANA,184282,,Antioquia,,
225888,21-4-12179458,2025,RED AGROVETERINARIA S.A.,COMPRA DE MEDICAMENTOS PARA LA HACIENDA LA MONTANA,144310,,Antioquia,,
225855,19-4-9962191,2025,FERIAGRO AGROPECUARIA SAS,COMPRA DE MEDICAMENTOS PARA LA HACIENDA LA MONTANA,141000,,Antioquia,,
225911,19-4-10213633,2025,FERIAGRO AGROPECUARIA SAS,COMPRA DE MEDICAMENTOS PARA LA HACIENDA VEGAS DE LA CLARA,115000,,Antioquia,,
225901,22-4-13054991,2025,RED AGROVETERINARIA S.A.,COMPRA DE MEDICAMENTOS PARA LA HACIENDA VEGAS DE LA CLARA,91985,,Antioquia,,
